ID	1	2	3	4	5	6	7	8	9	10	11	12	13	14	15	16	17	18	19	20	21	22	23	24	25	26	27	28	29	30	31	32	33	34	35	36	37	38	39	40	41	42	43	44	45	46	47	48	49	50	51	52	53	54	55	56	57	58	59	60	61	62	63	64	65	66	67	68	69	70	71	72	73	74	75	76	77	78	79	80	81	82	83	84	85	86	87	88	89	90	91	92	93	94	95	96	97	98	99	100	101	102	103	104	105	106	107	108	109	110	111	112	113	114	115	116	117	118	119	120	121	122	123	124	125	126	127	128	129	130	131	132	133	134	135	136	137	138	139	140	141	142	143	144	145	146	147	148	149	150	151	152	153	154	155	156	157	158	159	160	161	162	163	164	165	166	167	168	169	170	171	172	173	174	175	176	177	178	179	180	181	182	183	184	185	186	187	188	189	190	191	192	193	194	195	196	197	198	199	200	201	202	203	204	205	206	207	208	209	210	211	212	213	214	215	216	217	218	219	220	221	222	223	224	225	226	227	228	229	230	231	232	233	234	235	236	237	238	239	240	241	242	243	244	245	246	247	248	249	250	251	252	253	254	255	256	257	258	259	260	261	262	263	264	265	266	267	268	269	270	271	272	273	274	275	276	277	278	279	280	281	282	283	284	285	286	287	288	289	290	291	292	293	294	295	296	297	298	299	300	301	302	303	304	305	306	307	308	309	310	311	312	313	314	315	316	317	318	319	320	321	322	323	324	325	326	327	328	329	330	331	332	333	334	335	336	337	338	339	340	341	342	343	344	345	346	347	348	349	350	351	352	353	354	355	356	357	358	359	360	361	362	363	364	365	366	367	368	369	370	371	372	373	374	375	376	377	378	379	380	381	382	383	384	385	386	387	388	389	390	391	392	393	394	395	396	397	398	399	400	401	402	403	404	405	406	407	408	409	410	411	412	413	414	415	416	417	418	419	420	421	422	423	424	425	426	427	428	429	430	431	432	433	434	435	436	437	438	439	440	441	442	443	444	445	446	447	448	449	450	451	452	453	454	455	456	457	458	459	460	461	462	463	464	465	466	467	468	469	470	471	472	473	474	475	476	477	478	479	480	481	482	483	484	485	486	487	488	489	490	491	492	493	494	495	496	497	498	499	500	501	502	503	504	505	506	507	508	509	510	511	512	513	514	515	516	517	518	519	520	521	522	523	524	525	526	527	528	529	530	531	532	533	534	535	536	537	538	539	540	541	542	543	544	545	546	547	548	549	550	551	552	553	554	555	556	557	558	559	560	561	562	563	564	565	566	567	568	569	570	571	572	573	574	575	576	577	578	579	580	581	582	583	584	585	586	587	588	589	590	591	592	593	594	595	596	597	598	599	600	601	602	603	604	605	606	607	608	609	610	611	612	613	614	615	616	617	618	619	620	621	622	623	624	625	626	627	628	629	630	631	632	633	634	635	636	637	638	639	640	641	642	643	644	645	646	647	648	649	650	651	652	653	654	655	656	657	658	659	660	661	662	663	664	665	666	667	668	669	670	671	672	673	674	675	676	677	678	679	680	681	682	683	684	685	686	687	688	689	690	691	692	693	694	695	696	697	698	699	700	701	702	703	704	705	706	707	708	709	710	711	712	713	714	715	716	717	718	719	720	721	722	723	724	725	726	727	728	729	730	731	732	733	734	735	736	737	738	739	740	741	742	743	744	745	746	747	748	749	750	751	752	753	754	755	756	757	758	759	760	761	762	763	764	765	766	767	768	769	770	771	772	773	774	775	776	777	778	779	780	781	782	783	784	785	786	787	788	789	790	791	792	793	794	795	796	797	798	799	800	801	802	803	804	805	806	807	808	809	810	811	812	813	814	815	816	817	818	819	820	821	822	823	824	825	826	827	828	829	830	831	832	833	834	835	836	837	838	839	840	841	842	843	844	845	846	847	848	849	850	851	852	853	854	855	856	857	858	859	860	861	862	863	864	865	866	867	868	869	870	871	872	873	874	875	876	877	878	879	880	881	882	883	884	885	886	887	888	889	890	891	892	893	894	895	896	897	898	899	900	901	902	903	904	905	906	907	908	909	910	911	912	913	914	915	916	917	918	919	920	921	922	923	924	925	926	927	928	929	930	931	932	933	934	935	936	937	938	939	940	941	942	943	944	945	946	947	948	949	950	951	952	953	954	955	956	957	958	959	960	961	962	963	964	965	966	967	968	969	970	971	972	973	974	975	976	977	978	979	980	981	982	983	984	985	986	987	988	989	990	991	992	993	994	995	996	997	998	999
MLDAfe	0	0	0	0	0	0	0	0	0	0	0	0	0	0	125.805	0	0	0	0	69.1948	0	0	0	0	0	0	0	0	0	0	0	0	0	0	0	0	0	0	109.614	0	0	0	0	0	0	0	0	41.0815	0	0	0	0	0	0	0	0	0	0	0	0	0	0	0	0	0	0	0	0	0	0	0	0	0	0	97.3126	82.3164	0	0	0	0	0	0	0	0	0	0	0	0	0	0	0	0	0	0	0	0	0	0	0	0	0	0	0	0	0	0	0	0	0	0	0	0	0	0	0	0	0	0	0	0	0	0	0	0	0	0	0	0	0	0	0	0	0	0	0	0	0	0	0	0	0	0	0	0	0	0	0	0	180.621	0	0	0	0	0	0	175.53	0	0	0	0	0	0	0	0	0	0	0	0	0	0	0	0	0	0	0	0	46.6751	0	0	0	0	0	0	0	0	0	0	0	0	0	0	0	0	0	0	0	0	0	0	0	0	0	0	0	0	0	0	0	0	0	0	0	0	0	0	0	0	54.9371	0	0	0	0	0	0	0	0	0	0	0	0	0	0	0	0	0	0	0	0	0	0	0	0	84.0965	0	0	0	50.6692	0	0	0	0	0	0	0	0	0	0	0	0	0	0	0	0	0	0	0	0	0	0	0	0	0	0	0	0	0	0	0	0	0	0	0	0	0	0	0	0	0	53.4313	0	0	0	0	46.7013	0	0	0	0	0	0	0	0	0	0	0	81.0507	28.8765	0	0	0	0	0	0	0	129.791	94.0448	0	0	0	0	0	0	0	0	0	0	0	0	0	0	0	0	0	0	0	0	0	0	0	0	0	0	0	0	0	0	0	0	0	0	0	0	0	0	0	0	0	0	0	0	0	0	0	0	0	0	0	0	0	0	0	0	0	49.3076	0	0	0	0	0	0	0	0	0	0	0	30.8827	86.9934	0	0	0	0	0	0	0	0	0	0	0	0	0	38.9487	0	0	0	0	0	0	0	0	0	0	0	0	0	0	0	0	0	0	0	0	0	0	0	0	0	42.7609	0	0	0	0	0	0	0	0	0	0	0	0	39.3964	0	0	0	0	0	0	0	0	0	0	0	0	0	0	0	0	0	0	0	0	0	0	0	0	0	0	0	0	0	0	0	80.4188	0	0	0	0	0	66.806	0	0	0	0	0	0	0	0	0	0	50.5004	0	0	0	0	0	0	59.2462	0	0	0	0	0	58.0637	72.4629	0	0	0	0	0	0	0	0	0	0	0	0	0	0	0	0	0	111.141	0	0	0	0	0	0	0	0	0	61.2909	0	0	0	0	0	0	0	0	0	0	0	0	0	0	0	0	0	0	0	0	0	0	0	0	0	0	0	0	0	0	0	0	0	0	0	0	0	0	0	0	0	0	0	0	0	0	0	86.3045	76.9309	0	0	0	0	0	0	0	0	0	0	0	0	0	0	0	0	0	0	0	0	0	0	0	0	0	0	0	0	0	0	0	0	0	0	0	0	0	0	0	0	0	0	0	0	0	0	0	0	0	0	0	0	0	0	0	0	0	0	0	0	0	0	0	0	0	0	0	0	0	0	0	0	0	0	0	0	0	0	0	0	0	0	0	0	0	0	0	53.3845	0	0	32.2776	0	0	0	0	0	0	0	0	0	0	0	0	0	0	0	0	0	0	0	0	0	0	0	0	0	0	0	0	0	0	0	0	0	0	43.3323	0	0	0	0	0	0	0	0	0	0	0	0	0	0	0	0	0	30.8632	0	0	0	0	0	0	29.0636	0	0	0	0	0	0	0	0	0	0	0	0	0	0	0	0	0	0	0	0	0	0	0	0	0	0	0	0	0	0	0	0	0	0	0	0	0	0	0	0	0	0	0	0	0	0	0	0	0	0	0	0	0	0	0	0	0	66.2945	0	0	0	0	0	0	0	56.8086	0	0	0	0	0	0	0	0	0	0	0	0	0	0	0	0	0	0	0	0	0	0	0	51.8608	0	0	0	0	0	0	0	0	0	0	0	0	30.9805	64.9182	0	0	0	0	0	0	0	0	0	0	0	0	0	0	0	0	0	0	0	29.6754	0	0	0	0	0	0	0	0	0	0	0	0	0	0	0	0	0	0	0	0	0	45.7614	0	0	0	0	0	34.3701	93.1775	0	0	0	0	55.4958	0	0	0	0	0	0	77.1022	51.6195	0	0	0	0	0	0	0	0	0	0	0	0	0	0	0	0	0	0	0	0	0	0	0	0	0	0	0	0	0	0	0	0	0	0	0	0	0	64.9182	0	0	0	0	0	0	0	0	0	0	0	0	0	0	0	0	0	0	0	29.6754	0	0	0	0	0	0	0	0	0	0	0	0	0	0	0	0	0	0	0	0	0	0	0	0	0	0	0	0	0	0	0	0	0	0	0	0	0	0	0	0	0	0	0	0
MLDIgar	68.4984	0	0	0	0	0	0	0	0	0	0	0	0	0	170.698	0	0	0	0	0	0	0	0	0	0	0	0	0	0	129.034	0	0	0	0	0	0	0	49.4564	141.915	0	0	0	0	0	0	0	0	57.7756	67.8955	0	0	0	0	0	0	0	0	0	39.094	0	0	0	0	0	0	0	35.1546	0	0	0	0	0	0	0	277.162	136.697	0	38.5162	0	0	0	0	0	0	0	0	0	0	0	0	0	0	0	0	0	0	0	0	0	0	0	0	0	43.5503	0	0	0	0	0	0	0	0	0	40.6741	30.5001	0	0	0	0	0	0	0	0	0	29.5947	0	0	0	0	0	0	0	73.9379	0	0	0	0	0	0	0	0	0	0	0	0	0	0	0	348.707	0	0	0	0	0	0	196.409	0	0	0	0	0	0	0	0	0	0	0	0	0	0	0	0	0	0	0	0	0	0	0	0	0	0	0	0	0	0	0	0	0	0	0	0	0	0	0	0	0	0	0	0	0	0	0	0	0	0	0	0	0	0	0	0	0	0	0	0	0	57.3821	50.5562	0	0	0	0	0	0	0	0	0	0	76.7386	0	0	0	0	0	0	0	0	0	0	0	62.2578	90.4981	65.6423	0	0	61.893	42.9977	23.6205	0	0	0	0	0	0	0	0	0	0	0	0	0	0	0	0	0	0	0	0	0	0	0	0	0	0	0	0	0	0	0	0	0	0	0	0	0	0	0	116.582	0	0	0	0	91.7502	0	0	0	0	0	0	0	0	0	0	0	187.935	95.3448	28.8195	23.3654	0	0	0	0	0	373.037	146.272	0	100.187	0	0	0	0	0	0	0	0	0	0	0	0	105.478	0	0	0	79.2392	0	0	0	0	0	0	0	0	0	0	0	0	0	0	0	0	0	0	0	0	0	0	0	0	0	0	0	0	0	0	0	0	0	0	0	0	0	0	0	0	0	0	0	0	0	0	0	0	0	0	0	206.742	0	0	0	0	0	0	0	0	0	0	0	0	162.8	0	0	0	0	0	0	0	0	0	0	0	0	0	0	0	0	0	0	0	0	0	0	0	0	0	0	71.9693	0	0	0	0	0	0	35.8749	37.8572	0	0	0	0	0	0	0	52.5345	0	0	0	0	0	0	0	0	0	0	0	0	0	0	0	0	0	0	0	0	0	0	0	0	0	0	0	0	0	0	0	0	0	0	0	0	0	0	0	0	0	0	0	0	0	52.0185	39.5183	0	0	0	0	0	104.852	41.3068	0	0	0	0	0	208.311	0	0	0	0	0	0	0	0	0	65.2133	0	0	0	0	0	0	0	91.0901	55.6309	0	0	0	0	0	0	0	0	0	116.573	0	0	0	0	0	44.2228	0	0	0	0	0	0	0	0	0	0	0	0	0	0	0	0	0	0	0	0	0	0	0	0	0	0	0	0	0	0	0	0	0	0	0	0	0	0	0	0	251.549	134.504	0	32.1058	0	0	0	0	0	0	0	0	0	0	0	0	0	0	0	0	0	0	0	0	0	0	0	0	0	0	0	0	0	0	0	0	0	0	0	0	0	0	0	0	0	0	0	0	0	0	0	0	0	0	0	0	0	0	0	0	0	0	0	0	0	0	0	0	0	0	0	0	0	0	0	0	0	0	0	0	0	0	0	28.2943	0	0	0	0	0	90.4135	61.3315	0	0	0	0	0	0	0	0	0	0	0	0	0	0	0	0	0	0	0	0	0	0	0	57.6338	0	0	0	0	0	0	51.7879	0	0	0	0	0	127.551	0	0	0	0	0	0	0	0	0	0	0	0	0	0	76.7594	0	0	0	0	0	0	0	0	0	0	0	0	0	0	0	0	0	0	0	0	0	0	0	0	0	0	0	0	0	0	0	0	0	0	0	0	0	0	0	0	0	0	0	0	0	0	0	0	0	0	0	0	0	0	0	0	0	0	0	0	0	0	0	0	0	0	0	0	0	0	0	0	0	0	0	0	0	0	0	0	0	0	0	31.6868	0	0	0	0	0	0	0	0	32.414	0	0	0	0	0	0	122.324	0	0	0	0	0	0	0	0	0	0	0	0	55.1225	136.362	0	0	16.9776	0	0	0	0	0	0	0	0	0	0	0	0	0	0	0	0	71.3416	143.759	38.9769	0	0	0	0	0	0	0	0	17.2405	94.913	0	0	0	0	0	0	0	0	15.6324	0	0	0	0	0	0	0	179.203	0	0	0	0	0	0	0	0	0	0	0	163.813	36.1308	0	59.6263	15.7691	0	0	0	0	0	0	0	0	0	22.6454	55.7902	0	0	0	0	0	0	0	0	0	0	0	0	0	0	0	0	0	0	0	0	0	69.5165	0	136.362	0	0	16.9776	0	0	0	0	0	0	0	0	0	0	0	0	0	0	0	0	71.3416	0	0	0	0	0	0	0	0	0	0	0	0	0	0	0	0	0	0	0	0	0	0	0	0	0	52.8303	0	0	0	0	0	0	55.1119	0	0	0	0	0	0	45.0821	0	0	0	0
MLDIgua	0	0	0	0	0	0	0	0	0	0	0	0	0	0	126.477	0	0	0	0	0	0	0	0	0	0	0	0	0	0	0	0	0	0	0	0	0	0	0	0	0	0	0	0	0	0	0	0	0	0	0	0	0	0	0	0	0	0	0	28.964	0	0	0	0	0	0	0	26.6902	0	0	0	0	0	0	0	194.06	102.296	0	0	0	0	0	0	0	0	0	0	0	0	0	0	0	0	0	0	0	0	0	0	0	0	0	0	0	0	0	0	0	0	0	0	0	0	0	0	0	0	0	0	0	0	0	0	0	0	0	0	0	0	0	0	0	0	0	0	0	0	0	0	0	0	0	0	0	0	0	0	0	0	179.959	0	0	0	0	0	0	100.893	0	0	0	0	0	0	0	0	0	0	0	0	0	0	0	0	0	0	0	0	0	0	0	0	0	0	0	0	0	0	0	0	0	0	0	0	0	0	0	0	0	0	0	0	0	0	0	0	0	0	0	0	0	0	0	0	0	0	0	0	0	39.9084	0	0	0	0	66.6714	0	0	0	0	0	0	0	0	0	0	0	0	0	0	0	0	0	0	0	63.7042	0	0	0	65.2252	0	0	0	0	0	0	0	0	0	0	0	0	0	0	0	0	0	0	0	0	0	0	0	0	0	0	0	0	0	0	0	0	0	0	0	0	0	0	0	0	0	0	0	0	0	0	0	0	0	0	0	0	0	0	0	0	0	0	133.056	88.3755	0	0	0	0	0	0	0	193.986	116.816	0	0	0	0	0	0	0	0	0	0	0	0	0	0	61.1688	48.0616	0	0	0	0	0	0	0	0	0	0	0	0	0	0	0	0	0	0	0	0	0	0	0	0	0	0	0	0	0	0	0	0	0	0	0	0	0	0	0	0	0	0	0	0	0	0	0	0	0	0	0	0	0	0	59.3417	0	0	0	0	0	0	0	0	0	0	0	0	74.3707	0	0	0	0	0	0	0	0	0	0	0	0	0	0	0	0	0	0	0	0	0	0	0	0	0	0	39.7499	0	0	0	0	0	0	0	0	0	0	0	0	0	0	0	0	0	0	0	0	0	0	0	0	0	0	0	0	0	0	0	0	0	0	0	0	0	0	0	0	0	0	0	0	88.8234	0	0	0	0	0	0	0	0	0	0	0	0	0	0	0	0	42.1035	0	0	0	0	0	0	43.6815	0	0	0	0	0	37.0803	104.528	67.0001	0	0	0	0	0	0	0	0	0	0	0	0	0	0	0	0	0	0	0	0	0	0	0	0	0	0	0	0	0	0	0	0	0	0	0	0	0	0	0	0	0	0	0	0	0	0	0	0	0	0	0	0	0	0	0	0	0	0	0	0	0	0	45.4555	0	0	0	0	39.2267	0	0	0	0	0	0	186.575	100.356	0	0	0	0	0	0	0	0	0	0	0	0	0	0	0	0	0	0	0	0	0	0	0	0	0	0	0	0	0	0	0	0	0	0	0	0	0	0	0	0	0	0	0	0	0	0	0	0	0	0	0	0	0	0	0	0	0	0	0	0	0	0	0	0	0	0	0	0	0	0	0	0	0	0	0	0	0	0	0	0	0	0	0	0	0	0	0	45.8542	0	0	0	33.2398	0	0	0	0	0	0	0	0	0	0	0	0	0	0	0	0	0	0	0	0	61.3447	0	0	0	0	0	0	58.3328	0	0	0	0	0	61.7441	0	0	0	0	0	0	0	0	0	0	0	0	0	0	50.6952	0	0	0	0	0	0	0	0	0	0	0	0	0	0	0	0	0	0	0	0	0	0	0	0	0	0	0	0	0	0	0	0	0	0	0	0	0	0	0	0	0	0	0	0	0	0	0	0	0	0	0	0	0	0	0	0	0	0	0	0	0	0	0	0	0	0	0	0	0	0	0	0	0	0	0	0	0	0	0	0	0	0	0	0	0	0	0	0	0	0	0	0	0	0	0	0	0	0	0	0	0	0	0	0	0	0	0	0	0	0	0	0	0	87.1828	0	0	0	0	0	0	0	0	0	0	0	0	0	0	0	0	0	0	0	0	58.0156	0	0	0	0	0	0	0	0	0	41.7904	42.0289	0	0	0	0	0	0	0	0	36.205	76.1451	0	0	0	0	0	0	100.343	0	0	0	0	0	0	0	0	0	0	0	85.5425	79.1558	0	0	0	0	0	0	0	0	0	0	0	0	0	0	0	0	0	0	0	0	0	0	0	0	0	0	0	0	0	0	0	0	0	0	0	62.5738	0	87.1828	0	0	0	0	0	0	0	0	0	0	0	0	0	0	0	0	0	0	0	0	0	0	0	0	0	0	0	0	0	0	0	0	0	0	0	0	0	0	0	0	0	0	0	0	0	0	0	0	0	0	0	0	0	0	0	0	0	0	0	0	0	0	0	0
MLDRV	0	0	0	0	0	0	0	0	0	0	0	0	0	0	0	0	0	0	0	0	0	0	0	0	0	0	0	0	0	0	0	0	0	0	0	0	0	0	0	0	0	0	0	0	0	0	0	0	0	0	0	0	0	0	0	0	0	0	0	0	0	0	0	0	0	0	0	0	0	0	0	0	0	0	0	0	0	0	0	0	0	0	0	0	0	0	0	0	0	0	0	0	0	0	0	0	0	0	0	0	0	0	0	0	0	0	0	0	0	0	0	0	0	0	0	0	0	0	0	0	0	0	0	0	0	0	0	0	0	0	0	0	0	0	0	0	0	0	0	0	0	0	0	0	0	0	0	0	0	0	0	0	0	0	0	0	0	0	0	0	0	0	0	0	0	0	0	0	0	0	0	0	0	0	0	0	0	0	0	0	0	0	0	0	0	0	0	0	0	0	0	0	0	0	0	0	0	0	0	0	0	0	0	0	0	0	0	0	0	0	0	0	0	0	0	0	0	0	0	0	0	0	0	0	0	0	0	0	0	0	0	0	0	0	0	0	0	0	0	0	0	0	0	0	0	0	0	0	0	0	0	0	0	0	0	0	0	0	0	0	0	0	0	0	0	0	0	0	0	0	0	0	0	0	0	0	0	0	0	0	0	0	0	0	0	0	0	0	0	0	0	0	0	0	0	0	0	0	0	0	0	0	0	0	0	0	0	0	0	0	0	0	0	0	0	0	0	0	0	0	0	0	0	0	0	0	0	0	0	0	0	0	0	0	0	0	0	0	0	0	0	0	0	0	0	0	0	0	0	0	0	0	0	0	0	0	0	0	0	0	0	0	0	0	0	0	0	0	0	0	0	0	0	0	0	0	0	0	0	0	0	0	0	0	0	0	0	0	0	0	0	0	0	0	0	0	0	0	0	0	0	0	0	0	0	0	0	0	0	0	0	0	0	0	0	0	0	0	0	0	0	0	0	0	0	0	0	0	0	0	0	0	0	0	0	0	0	0	0	0	0	0	0	0	0	0	0	0	0	0	0	0	0	0	0	0	0	0	0	0	0	0	0	0	0	0	0	0	0	0	0	0	0	0	0	0	0	0	0	0	0	0	0	0	0	0	0	0	0	0	0	0	0	0	0	0	0	0	0	0	0	0	0	0	0	0	0	0	0	0	0	0	0	0	0	0	0	0	0	0	0	0	0	0	0	0	0	0	0	0	0	0	0	0	0	0	0	0	0	0	0	0	0	0	0	0	0	0	0	0	0	0	0	0	0	0	0	0	0	0	0	0	0	0	0	0	0	0	0	0	0	0	0	0	0	0	0	0	0	0	0	0	0	0	0	0	0	0	0	0	0	0	0	0	0	0	0	0	0	0	0	0	0	0	0	0	0	0	0	0	0	0	0	0	0	0	0	0	0	0	0	0	0	0	0	0	0	0	0	0	0	0	0	0	0	0	0	0	0	0	0	0	0	0	0	0	0	0	0	0	0	0	0	0	0	0	0	0	0	0	0	0	0	0	0	0	0	0	0	0	0	0	0	0	0	0	0	0	0	0	0	0	0	0	0	0	0	0	0	0	0	0	0	0	0	0	0	0	0	0	0	0	0	0	0	0	0	0	0	0	0	0	0	0	0	0	0	0	0	0	0	0	0	0	0	0	0	0	0	0	0	0	0	0	0	0	0	0	0	0	0	0	0	0	0	0	0	0	0	0	0	0	0	0	0	0	0	0	0	0	0	0	0	0	0	0	0	0	0	0	0	0	0	0	0	0	0	0	0	0	0	0	0	0	0	0	0	0	0	0	0	0	0	0	0	0	0	0	0	0	0	0	0	0	0	0	0	0	0	0	0	0	0	0	0	0	0	0	0	0	0	0	0	0	0	0	0	0	0	0	0	0	0	0	0	0	0	0	0	0	0	0	0	0	0	0	0	0	0	0	0	0	0	0	0	0	0	0	0	0	0	0	0	0	0	0	0	0	0	0	0	0	0	0	0	0	0	0	0	0	0	0	0	0	0	0	0	0	0	0	0	0	0	0	0	0	0	0	0	0	0	0	0	0	0	0	0	0	0	0	0	0	0	0	0	0	0	0	0	0	0	0	0	0	0	0	0	0	0	0	0	0	0	0	0	0	0	0	0	0	0	0	0	0	0	0	0	0	0	0	0	0	0	0	0	0	0	0	0	0	0	0	0	0	0	0	0	0	0	0	0	0	0	0	0	0	0	0	0	0	0	0	0	0	0	0	0	0	0	0	0	0	0	0	0	0	0	0	0
Merged_LrAfef	0	0	0	0	0	0	0	0	0	0	0	0	0	0	0	0	0	0	0	0	0	0	0	0	0	0	0	0	0	0	0	0	0	0	0	0	0	0	0	0	0	0	0	0	0	0	0	0	0	0	0	0	0	0	0	0	0	0	0	0	0	0	0	0	0	0	0	0	0	0	0	0	0	0	0	0	0	0	0	0	0	0	0	0	0	0	0	0	0	0	0	0	0	0	0	0	0	0	0	0	0	0	0	0	0	0	0	0	0	0	0	0	0	0	0	0	0	0	0	0	0	0	0	0	0	0	0	0	0	0	0	0	0	0	0	0	0	0	0	0	0	0	0	0	0	0	0	0	0	0	0	0	0	0	0	0	0	0	0	0	0	0	0	0	0	0	0	0	0	0	0	0	0	0	0	0	0	0	0	0	0	0	0	0	0	0	0	0	0	0	0	0	0	0	0	0	0	0	0	0	0	0	0	0	0	0	0	0	0	0	0	0	0	0	0	0	0	0	0	0	0	0	0	0	0	0	0	0	0	0	0	0	0	0	0	0	0	0	0	0	0	0	0	0	0	0	0	0	0	0	0	0	0	0	0	0	0	0	0	0	0	0	0	0	0	0	0	0	0	0	0	0	0	0	0	0	0	0	0	0	0	0	0	0	0	0	0	0	0	0	0	0	0	0	0	0	0	0	0	0	0	0	0	0	0	0	0	0	0	0	0	0	0	0	0	0	0	0	0	0	0	0	0	0	0	0	0	0	0	0	0	0	0	0	0	0	0	0	0	0	0	0	0	0	0	0	0	0	0	0	0	0	0	0	0	0	0	0	0	0	0	0	0	0	0	0	0	0	0	0	0	0	0	0	0	0	0	0	0	0	0	0	0	0	0	0	0	0	0	0	0	0	0	0	0	0	0	0	0	0	0	0	0	0	0	0	0	0	0	0	0	0	0	0	0	0	0	0	0	0	0	0	0	0	0	0	0	0	0	0	0	0	0	0	0	0	0	0	0	0	0	0	0	0	0	0	0	0	0	0	0	0	0	0	0	0	0	0	0	0	0	0	0	0	0	0	0	0	0	0	0	0	0	0	0	0	0	0	0	0	0	0	0	0	0	0	0	0	0	0	0	0	0	0	0	0	0	0	0	0	0	0	0	0	0	0	0	0	0	0	0	0	0	0	0	0	0	0	0	0	0	0	0	0	0	0	0	0	0	0	0	0	0	0	0	0	0	0	0	0	0	0	0	0	0	0	0	0	0	0	0	0	0	0	0	0	0	0	0	0	0	0	0	0	0	0	0	0	0	0	0	0	0	0	0	0	0	0	0	0	0	0	0	0	0	0	0	0	0	0	0	0	0	0	0	0	0	0	0	0	0	0	0	0	0	0	0	0	0	0	0	0	0	0	0	0	0	0	0	0	0	0	0	0	0	0	0	0	0	0	0	0	0	0	0	0	0	0	0	0	0	0	0	0	0	0	0	0	0	0	0	0	0	0	0	0	0	0	0	0	0	0	0	0	0	0	0	0	0	0	0	0	0	0	0	0	0	0	0	0	0	0	0	0	0	0	0	0	0	0	0	0	0	0	0	0	0	0	0	0	0	0	0	0	0	0	0	0	0	0	0	0	0	0	0	0	0	0	0	0	0	0	0	0	0	0	0	0	0	0	0	0	0	0	0	0	0	0	0	0	0	0	0	0	0	0	0	0	0	0	0	0	0	0	0	0	0	0	0	0	0	0	0	0	0	0	0	0	0	0	0	0	0	0	0	0	0	0	0	0	0	0	0	0	0	0	0	0	0	0	0	0	0	0	0	0	0	0	0	0	0	0	0	0	0	0	0	0	0	0	0	0	0	0	0	0	0	0	0	0	0	0	0	0	0	0	0	0	0	0	0	0	0	0	0	0	0	0	0	0	0	0	0	0	0	0	0	0	0	0	0	0	0	0	0	0	0	0	0	0	0	0	0	0	0	0	0	0	0	0	0	0	0	0	0	0	0	0	0	0	0	0	0	0	0	0	0	0	0	0	0	0	0	0	0	0	0	0	0	0	0	0	0	0	0	0	0	0	0	0	0	0	0	0	0	0	0	0	0	0	0	0	0	0	0	0	0	0	0	0	0	0	0	0	0	0	0	0	0	0	0	0	0	0	0	0	0	0	0	0	0	0	0	0	0	0	0	0	0	0	0	0	0	0	0	0	0	0	0	0	0	0	0	0	0	0	0	0	0	0	0	0	0	0	0	0	0	0	0	0	0	0	0	0	0	0	0	0	0
Merged_LrIgarf	74.907	0	0	0	0	0	0	0	0	0	0	0	0	0	178.527	0	0	0	0	72.2408	0	0	0	0	0	0	0	0	0	151.49	89.3815	0	0	0	0	0	0	34.0925	173.058	102.462	0	0	0	0	0	0	0	47.5343	93.6075	0	0	0	0	0	0	0	0	0	67.2953	0	0	0	0	0	0	0	33.7406	0	0	0	0	0	0	0	283.115	152.864	0	0	24.0137	0	0	0	0	0	0	0	0	0	43.9948	0	0	0	0	0	0	0	0	0	0	0	0	0	0	59.1346	0	0	0	0	0	0	0	0	0	47.6455	0	0	0	0	0	0	0	0	0	0	0	0	0	0	0	0	0	0	102.853	0	0	0	0	0	0	0	153.82	84.6199	0	0	87.1168	0	0	45.0906	187.146	0	0	0	0	0	0	139.856	0	0	0	0	0	0	0	0	0	0	0	0	0	0	0	112.332	75.2905	0	0	0	65.3038	0	0	0	24.8854	0	0	0	0	0	0	0	0	0	0	0	66.414	0	0	0	0	0	74.0127	53.3419	0	0	0	0	0	0	0	0	0	0	0	0	0	0	0	0	0	123.121	76.0509	0	0	28.1857	74.8333	56.7263	0	0	0	0	0	107.925	66.2209	0	0	0	0	0	0	0	0	0	0	36.5445	147.554	85.5009	0	32.9006	119.398	74.752	0	0	0	0	19.1328	0	0	0	0	0	0	0	0	0	0	0	0	0	0	0	0	0	0	0	0	0	0	0	0	0	0	0	0	0	0	0	0	0	0	0	115.5	0	0	0	0	74.752	0	0	0	0	0	0	0	0	0	0	0	157.747	123.786	0	0	0	0	0	0	0	321.366	185.568	0	0	28.9915	0	0	0	0	0	0	0	0	0	51.2688	0	126.411	86.5058	0	0	0	0	0	0	0	0	0	0	0	0	0	0	0	0	0	0	0	0	0	0	0	0	0	0	0	58.3006	55.6866	0	0	0	0	0	0	0	0	0	0	0	54.2616	30.3344	0	0	0	0	0	0	0	0	0	0	0	22.9956	158.823	0	44.9246	0	0	0	0	0	0	0	0	0	0	74.7423	0	0	0	0	0	0	0	0	0	0	0	0	0	0	0	0	0	0	0	0	0	0	0	0	0	0	37.4666	0	0	0	0	0	0	0	0	0	0	0	0	37.1673	0	24.8318	117.296	0	0	0	74.1855	0	0	0	0	0	0	0	0	0	0	0	0	0	0	0	0	0	0	0	0	0	0	0	0	97.8985	0	0	0	0	0	59.6716	0	0	0	0	0	0	0	0	32.2919	29.7225	132.013	79.7606	32.2792	37.6343	0	0	27.5622	203.585	98.0132	0	0	0	0	46.2564	245.922	122.503	0	0	0	0	0	0	0	0	67.1587	0	0	0	0	0	0	0	103.369	76.6478	0	0	0	0	0	0	0	0	19.587	54.9574	48.7052	0	0	0	0	0	0	0	0	0	0	0	0	0	0	0	0	0	0	0	0	0	0	0	0	0	0	0	0	0	0	0	0	0	205.507	92.4283	0	0	0	65.8189	0	0	0	0	0	0	259.392	135.64	0	0	20.8322	0	0	0	0	0	0	0	0	0	34.5004	0	0	0	0	0	0	0	0	0	0	0	0	0	0	0	0	0	0	0	0	0	0	0	0	0	0	0	14.0274	0	0	0	0	12.6641	0	0	0	0	0	0	0	0	0	0	0	0	0	0	0	0	0	0	0	0	0	0	0	0	0	0	0	0	0	0	0	0	0	0	0	68.065	0	0	0	0	9.75486	107.886	87.6018	0	0	0	0	0	0	0	0	0	0	0	0	0	0	0	0	0	0	0	0	0	0	0	0	0	0	0	0	0	0	0	0	0	0	0	0	135.242	86.5347	0	0	0	0	0	0	0	0	0	0	0	0	0	55.3177	0	0	0	0	0	0	0	0	0	0	0	0	0	0	0	0	0	0	0	0	0	0	0	0	0	0	0	0	0	0	0	0	0	0	0	0	0	0	0	0	0	0	0	0	0	0	0	0	0	0	0	0	0	0	0	0	0	0	0	0	0	0	0	0	0	0	0	0	0	0	0	0	0	0	0	0	0	0	0	0	0	118.054	77.2588	116.881	73.6255	0	0	0	0	0	0	32.0492	133.048	83.8264	0	0	0	14.043	104.602	94.6369	0	0	0	0	0	0	0	0	0	0	0	0	20.7254	125.907	63.0872	0	0	0	0	0	0	0	0	0	0	0	0	0	0	0	0	0	0	25.7704	113.687	49.0825	0	0	0	0	0	0	0	0	52.0579	86.0751	0	0	0	0	0	0	0	0	35.8826	66.2538	0	0	0	0	0	48.2722	187.225	0	0	0	0	53.5063	0	0	0	0	0	0	145.493	92.2946	0	0	31.1203	0	0	0	0	0	0	0	0	0	51.96	78.3481	0	0	0	0	0	0	0	0	0	0	74.434	0	38.0495	0	0	0	0	0	0	0	0	48.8129	0	125.907	63.0872	0	0	0	0	0	0	0	0	0	0	0	0	0	0	0	0	0	0	25.7704	107.911	73.6213	0	0	0	98.9247	0	0	0	0	0	0	15.982	0	0	0	0	0	0	0	0	0	0	0	0	134.373	0	0	0	0	0	80.4989	128.419	38.4243	0	0	0	0	0	123.94	0	0	0	0
Merged_LrNEs1f	0	0	0	0	0	0	0	0	0	0	0	0	0	0	0	0	0	0	0	0	0	0	0	0	0	0	0	0	0	0	0	0	0	0	0	0	0	0	0	0	0	0	0	0	0	0	0	0	0	0	0	0	0	0	0	0	0	0	0	0	0	0	0	0	0	0	0	0	0	0	0	0	0	0	0	0	0	0	0	0	0	0	0	0	0	0	0	0	0	0	0	0	0	0	0	0	0	0	0	0	0	0	0	0	0	0	0	0	0	0	0	0	0	0	0	0	0	0	0	0	0	0	0	0	0	0	0	0	0	0	0	0	0	0	0	0	0	0	0	0	0	0	0	0	0	0	0	0	0	0	0	0	0	0	0	0	0	0	0	0	0	0	0	0	0	0	0	0	0	0	0	0	0	0	0	0	0	0	0	0	0	0	0	0	0	0	0	0	0	0	0	0	0	0	0	0	0	0	0	0	0	0	0	0	0	0	0	0	0	0	0	0	0	0	0	0	0	0	0	0	0	0	0	0	0	0	0	0	0	0	0	0	0	0	0	0	0	0	0	0	0	0	0	0	0	0	0	0	0	0	0	0	0	0	0	0	0	0	0	0	0	0	0	0	0	0	0	0	0	0	0	0	0	0	0	0	0	0	0	0	0	0	0	0	0	0	0	0	0	0	0	0	0	0	0	0	0	0	0	0	0	0	0	0	0	0	0	0	0	0	0	0	0	0	0	0	0	0	0	0	0	0	0	0	0	0	0	0	0	0	0	0	0	0	0	0	0	0	0	0	0	0	0	0	0	0	0	0	0	0	0	0	0	0	0	0	0	0	0	0	0	0	0	0	0	0	0	0	0	0	0	0	0	0	0	0	0	0	0	0	0	0	0	0	0	0	0	0	0	0	0	0	0	0	0	0	0	0	0	0	0	0	0	0	0	0	0	0	0	0	0	0	0	0	0	0	0	0	0	0	0	0	0	0	0	0	0	0	0	0	0	0	0	0	0	0	0	0	0	0	0	0	0	0	0	0	0	0	0	0	0	0	0	0	0	0	0	0	0	0	0	0	0	0	0	0	0	0	0	0	0	0	0	0	0	0	0	0	0	0	0	0	0	0	0	0	0	0	0	0	0	0	0	0	0	0	0	0	0	0	0	0	0	0	0	0	0	0	0	0	0	0	0	0	0	0	0	0	0	0	0	0	0	0	0	0	0	0	0	0	0	0	0	0	0	0	0	0	0	0	0	0	0	0	0	0	0	0	0	0	0	0	0	0	0	0	0	0	0	0	0	0	0	0	0	0	0	0	0	0	0	0	0	0	0	0	0	0	0	0	0	0	0	0	0	0	0	0	0	0	0	0	0	0	0	0	0	0	0	0	0	0	0	0	0	0	0	0	0	0	0	0	0	0	0	0	0	0	0	0	0	0	0	0	0	0	0	0	0	0	0	0	0	0	0	0	0	0	0	0	0	0	0	0	0	0	0	0	0	0	0	0	0	0	0	0	0	0	0	0	0	0	0	0	0	0	0	0	0	0	0	0	0	0	0	0	0	0	0	0	0	0	0	0	0	0	0	0	0	0	0	0	0	0	0	0	0	0	0	0	0	0	0	0	0	0	0	0	0	0	0	0	0	0	0	0	0	0	0	0	0	0	0	0	0	0	0	0	0	0	0	0	0	0	0	0	0	0	0	0	0	0	0	0	0	0	0	0	0	0	0	0	0	0	0	0	0	0	0	0	0	0	0	0	0	0	0	0	0	0	0	0	0	0	0	0	0	0	0	0	0	0	0	0	0	0	0	0	0	0	0	0	0	0	0	0	0	0	0	0	0	0	0	0	0	0	0	0	0	0	0	0	0	0	0	0	0	0	0	0	0	0	0	0	0	0	0	0	0	0	0	0	0	0	0	0	0	0	0	0	0	0	0	0	0	0	0	0	0	0	0	0	0	0	0	0	0	0	0	0	0	0	0	0	0	0	0	0	0	0	0	0	0	0	0	0	0	0	0	0	0	0	0	0	0	0	0	0	0	0	0	0	0	0	0	0	0	0	0	0	0	0	0	0	0	0	0	0	0	0	0	0	0	0	0	0	0	0	0	0	0	0	0	0	0	0	0	0	0	0	0	0	0	0	0	0	0	0	0	0	0	0	0	0	0	0	0	0	0	0	0	0	0	0	0	0	0	0	0	0	0	0	0	0	0	0	0	0	0	0	0	0	0	0	0	0	0	0	0	0	0	0	0	0	0	0	0	0	0	0	0	0	0	0	0	0	0	0	0
Merged_LrNEs2f	0	0	0	0	0	0	0	0	0	0	0	0	0	0	121.259	0	0	0	0	0	0	0	0	0	0	0	0	0	0	104.007	57.0089	0	0	0	0	0	0	0	106.4	62.5036	0	0	0	0	0	0	0	0	0	0	0	0	0	0	0	0	0	0	0	0	0	0	0	0	0	0	0	0	0	0	0	0	0	0	164.466	63.835	0	0	26.115	0	0	0	0	0	0	0	0	0	0	0	0	0	0	0	0	0	0	0	0	0	0	0	0	0	0	0	0	0	0	0	0	0	0	0	0	0	0	0	0	0	0	0	0	0	0	0	0	0	0	0	0	0	0	0	0	0	0	0	0	0	0	0	0	0	0	0	0	0	91.6039	0	0	0	0	0	0	47.1111	0	0	0	0	0	0	0	0	0	0	0	0	0	0	0	15.5109	0	0	0	15.5109	0	0	0	0	0	0	0	0	0	0	0	0	0	0	0	0	0	0	0	0	0	0	0	0	0	0	0	0	0	0	0	0	0	0	0	0	79.9391	0	0	0	65.4146	0	0	0	0	0	0	0	0	0	0	0	0	51.309	44.4694	0	0	0	0	0	0	0	0	0	0	0	0	0	0	0	0	0	0	0	0	0	0	0	0	0	0	0	0	0	0	0	0	0	0	0	0	0	0	0	0	0	0	0	0	0	0	0	0	0	0	0	0	0	0	0	0	0	52.3281	0	0	0	0	0	43.1109	0	0	0	0	0	0	0	0	0	0	53.5952	0	0	0	0	0	0	0	0	172.929	75.5175	0	0	43.1023	0	0	0	0	0	0	0	0	0	0	0	54.2435	48.655	0	0	0	0	0	0	0	0	0	56.4414	0	0	0	0	0	0	0	0	65.419	0	0	0	0	0	0	0	0	0	0	0	0	0	0	0	0	0	0	0	0	0	0	0	0	0	0	0	0	0	0	0	0	0	0	0	0	0	0	0	0	0	0	0	0	0	0	0	0	0	0	0	0	0	0	0	0	0	0	0	0	0	0	0	0	0	0	0	0	0	0	0	0	0	0	0	0	0	0	0	0	0	0	0	0	0	0	0	0	0	0	0	0	0	0	0	0	0	0	0	0	0	0	0	0	0	0	0	0	0	0	0	0	0	0	0	0	0	0	0	0	0	0	0	0	0	0	0	0	0	0	0	0	0	0	0	51.3745	45.4736	0	0	0	0	0	0	0	0	0	0	0	0	0	0	136.673	43.1871	0	0	0	0	0	0	0	0	0	0	0	0	0	0	0	0	112.144	0	0	0	0	0	0	0	0	0	0	0	0	0	0	0	0	0	0	0	0	0	0	0	0	0	0	0	0	0	0	0	0	0	0	0	0	0	0	0	0	0	0	0	0	0	0	0	0	0	0	0	0	0	0	0	0	0	155.218	55.0126	0	0	22.4212	0	0	0	0	0	0	0	0	0	0	0	0	0	0	0	0	0	0	0	0	0	0	0	0	0	0	0	0	0	0	0	0	0	0	0	0	0	0	0	0	0	0	0	0	0	0	0	0	0	0	0	0	0	0	0	0	0	0	0	0	0	0	0	0	0	0	0	0	0	69.2533	0	0	0	0	0	0	0	0	0	0	0	0	0	0	0	0	0	0	0	0	0	0	0	0	0	0	0	0	0	0	0	0	0	0	0	0	0	0	0	34.4977	0	0	0	0	0	0	0	0	0	0	0	0	0	0	0	0	0	0	0	0	0	0	0	0	0	0	0	0	0	0	0	0	0	0	0	0	0	0	0	0	0	0	0	0	0	0	0	0	0	0	0	0	0	0	0	0	0	0	0	0	0	0	0	0	0	0	0	0	0	0	0	0	0	0	0	0	0	0	0	0	0	0	0	0	0	0	0	0	0	0	0	0	0	0	0	132.071	0	0	0	0	0	0	0	63.1095	0	0	0	0	0	0	0	26.805	0	0	0	0	0	0	0	26.805	14.4366	0	0	0	0	14.2785	0	0	0	0	0	0	0	0	0	0	0	0	0	0	0	112.464	0	0	0	0	0	0	0	0	0	0	0	0	0	0	0	0	0	0	0	43.1944	49.3577	0	0	0	0	0	0	0	0	0	45.8899	42.6796	0	0	0	0	0	0	0	0	40.1463	0	0	0	0	0	0	0	69.6661	0	0	0	0	27.6443	0	0	0	0	0	0	61.1839	32.2893	0	0	0	0	0	0	0	0	0	0	0	0	0	0	0	0	0	0	0	0	0	0	0	0	0	0	0	0	0	0	0	0	0	0	0	0	0	112.464	0	0	0	0	0	0	0	0	0	0	0	0	0	0	0	0	0	0	0	43.1944	13.542	0	0	0	13.542	0	0	29.4694	0	0	0	29.4694	0	0	0	0	0	0	0	0	0	0	0	0	0	0	0	0	0	0	0	0	0	0	0	0	0	0	0	0	0	0	0	0
Merged_LrRVf	0	0	0	0	0	0	0	0	0	0	0	0	0	0	0	0	0	0	0	0	0	0	0	0	0	0	0	0	0	0	0	0	0	0	0	0	0	0	0	0	0	0	0	0	0	0	0	0	0	0	0	0	0	0	0	0	0	0	0	0	0	0	0	0	0	0	0	0	0	0	0	0	0	0	0	0	0	0	0	0	0	0	0	0	0	0	0	0	0	0	0	0	0	0	0	0	0	0	0	0	0	0	0	0	0	0	0	0	0	0	0	0	0	0	0	0	0	0	0	0	0	0	0	0	0	0	0	0	0	0	0	0	0	0	0	0	0	0	0	0	0	0	0	0	0	0	0	0	0	0	0	0	0	0	0	0	0	0	0	0	0	0	0	0	0	0	0	0	0	0	0	0	0	0	0	0	0	0	0	0	0	0	0	0	0	0	0	0	0	0	0	0	0	0	0	0	0	0	0	0	0	0	0	0	0	0	0	0	0	0	0	0	0	0	0	0	0	0	0	0	0	0	0	0	0	0	0	0	0	0	0	0	0	0	0	0	0	0	0	0	0	0	0	0	0	0	0	0	0	0	0	0	0	0	0	0	0	0	0	0	0	0	0	0	0	0	0	0	0	0	0	0	0	0	0	0	0	0	0	0	0	0	0	0	0	0	0	0	0	0	0	0	0	0	0	0	0	0	0	0	0	0	0	0	0	0	0	0	0	0	0	0	0	0	0	0	0	0	0	0	0	0	0	0	0	0	0	0	0	0	0	0	0	0	0	0	0	0	0	0	0	0	0	0	0	0	0	0	0	0	0	0	0	0	0	0	0	0	0	0	0	0	0	0	0	0	0	0	0	0	0	0	0	0	0	0	0	0	0	0	0	0	0	0	0	0	0	0	0	0	0	0	0	0	0	0	0	0	0	0	0	0	0	0	0	0	0	0	0	0	0	0	0	0	0	0	0	0	0	0	0	0	0	0	0	0	0	0	0	0	0	0	0	0	0	0	0	0	0	0	0	0	0	0	0	0	0	0	0	0	0	0	0	0	0	0	0	0	0	0	0	0	0	0	0	0	0	0	0	0	0	0	0	0	0	0	0	0	0	0	0	0	0	0	0	0	0	0	0	0	0	0	0	0	0	0	0	0	0	0	0	0	0	0	0	0	0	0	0	0	0	0	0	0	0	0	0	0	0	0	0	0	0	0	0	0	0	0	0	0	0	0	0	0	0	0	0	0	0	0	0	0	0	0	0	0	0	0	0	0	0	0	0	0	0	0	0	0	0	0	0	0	0	0	0	0	0	0	0	0	0	0	0	0	0	0	0	0	0	0	0	0	0	0	0	0	0	0	0	0	0	0	0	0	0	0	0	0	0	0	0	0	0	0	0	0	0	0	0	0	0	0	0	0	0	0	0	0	0	0	0	0	0	0	0	0	0	0	0	0	0	0	0	0	0	0	0	0	0	0	0	0	0	0	0	0	0	0	0	0	0	0	0	0	0	0	0	0	0	0	0	0	0	0	0	0	0	0	0	0	0	0	0	0	0	0	0	0	0	0	0	0	0	0	0	0	0	0	0	0	0	0	0	0	0	0	0	0	0	0	0	0	0	0	0	0	0	0	0	0	0	0	0	0	0	0	0	0	0	0	0	0	0	0	0	0	0	0	0	0	0	0	0	0	0	0	0	0	0	0	0	0	0	0	0	0	0	0	0	0	0	0	0	0	0	0	0	0	0	0	0	0	0	0	0	0	0	0	0	0	0	0	0	0	0	0	0	0	0	0	0	0	0	0	0	0	0	0	0	0	0	0	0	0	0	0	0	0	0	0	0	0	0	0	0	0	0	0	0	0	0	0	0	0	0	0	0	0	0	0	0	0	0	0	0	0	0	0	0	0	0	0	0	0	0	0	0	0	0	0	0	0	0	0	0	0	0	0	0	0	0	0	0	0	0	0	0	0	0	0	0	0	0	0	0	0	0	0	0	0	0	0	0	0	0	0	0	0	0	0	0	0	0	0	0	0	0	0	0	0	0	0	0	0	0	0	0	0	0	0	0	0	0	0	0	0	0	0	0	0	0	0	0	0	0	0	0	0	0	0	0	0	0	0	0	0	0	0	0	0	0	0	0	0	0	0	0	0	0	0	0	0	0	0	0	0	0	0	0	0	0	0	0	0	0	0	0	0	0	0	0	0	0	0	0	0	0	0	0	0	0	0	0	0	0	0	0	0	0	0	0	0	0	0	0	0	0	0	0	0	0	0	0	0	0	0	0	0	0
Merged_LrStH1f	22.8011	0	0	0	0	0	22.8011	0	0	0	51.0503	0	0	0	92.8282	0	0	0	0	88.3779	0	0	0	0	0	0	0	0	0	0	0	0	0	0	0	0	0	0	0	0	0	0	0	0	0	0	0	0	0	0	0	0	0	0	0	0	0	0	12.0773	0	0	0	0	0	0	0	12.0773	0	0	0	0	0	0	0	0	0	0	0	0	0	0	0	0	0	0	0	0	0	0	64.8063	0	0	0	0	0	0	0	0	64.8063	0	0	0	0	0	0	0	0	0	0	0	0	0	0	0	0	0	0	0	0	0	0	0	0	0	0	0	0	0	0	0	0	0	0	0	0	0	0	0	0	0	0	0	0	0	0	0	0	0	76.5239	0	0	0	0	0	0	76.5239	0	0	0	0	0	0	0	0	0	0	0	0	0	0	0	0	0	0	0	0	0	0	0	0	0	0	0	0	0	0	0	0	0	0	0	0	0	0	0	0	0	0	0	0	0	0	0	0	0	0	0	0	0	0	0	0	0	0	0	0	0	0	0	0	0	0	0	0	0	0	0	0	0	0	0	0	0	0	0	0	0	0	0	0	0	0	0	0	0	0	0	0	0	0	0	0	0	0	0	0	0	0	0	89.4763	0	0	85.3345	0	0	0	0	0	0	0	0	0	0	0	0	0	0	0	0	0	0	0	0	0	0	0	0	0	0	0	0	0	0	0	0	0	0	0	0	0	0	0	0	0	0	34.4659	0	0	0	0	0	0	0	31.4298	0	0	0	0	0	0	0	0	0	0	0	0	0	0	0	0	0	0	0	0	0	0	0	0	0	0	0	0	0	0	0	0	0	0	0	0	0	0	0	0	0	0	0	0	0	14.2868	0	0	0	0	0	0	0	0	0	0	0	0	0	37.3807	0	0	0	0	0	0	0	0	0	0	0	36.5079	23.8076	0	0	0	0	0	0	0	0	0	0	0	0	0	0	0	0	0	0	0	0	0	0	0	0	0	0	0	0	0	0	0	0	0	0	0	0	0	0	0	0	0	0	0	0	0	0	0	0	0	0	0	0	0	0	0	0	0	0	0	0	0	0	0	0	0	11.9368	11.9368	0	0	0	0	0	0	0	0	0	0	0	0	0	0	0	17.3458	17.3458	93.6847	0	0	0	0	0	92.2355	0	0	0	0	0	0	0	0	14.0593	14.0593	0	0	0	0	0	0	0	50.0924	0	0	0	0	0	47.9999	0	0	0	0	0	0	0	0	0	0	0	21.3032	0	0	0	0	21.3032	0	23.0869	0	0	0	0	0	0	0	0	0	23.0869	0	0	0	0	0	0	0	0	0	0	0	0	0	0	0	0	0	0	0	0	0	0	0	0	0	0	0	0	0	0	0	0	0	0	0	43.2727	0	0	0	0	41.9196	0	0	0	0	0	0	0	0	0	0	0	0	0	0	0	0	0	0	0	0	0	0	0	0	0	0	0	0	0	0	0	0	0	0	0	0	0	0	0	0	0	0	0	0	0	0	0	0	0	0	0	0	0	0	0	0	0	0	0	0	0	0	0	0	0	0	0	0	0	0	0	0	0	0	0	0	0	0	0	0	0	0	0	0	0	0	0	0	0	0	0	0	0	0	0	0	0	0	0	0	0	0	0	83.4271	0	0	0	0	81.5259	0	0	0	0	0	0	0	0	0	0	0	0	0	0	0	0	0	0	0	0	0	0	0	0	38.9149	0	0	0	0	0	0	0	0	0	0	0	0	0	0	38.7694	0	0	18.8684	0	0	0	0	0	0	18.7205	0	40.0483	0	36.775	0	0	0	0	0	0	0	0	0	0	0	0	0	0	0	0	0	0	0	0	0	0	0	0	0	0	0	0	0	0	0	0	0	0	0	0	0	0	0	0	0	0	0	0	0	0	0	0	0	0	0	0	0	0	0	0	0	0	0	0	0	0	0	0	0	0	0	0	0	31.3554	0	0	0	0	0	0	0	0	0	0	0	0	0	0	0	0	0	0	0	0	0	0	0	0	0	0	0	0	0	0	0	0	0	0	0	0	0	0	0	0	0	0	0	0	0	0	0	0	0	0	44.4141	0	0	0	0	0	0	0	0	0	43.7966	38.5429	0	0	0	0	0	0	0	0	37.9852	62.5902	0	0	0	0	0	60.9328	66.6787	0	0	0	0	65.2957	0	0	0	0	0	0	14.795	0	0	0	0	0	0	0	0	0	0	0	0	0	11.4446	0	0	0	0	0	0	0	0	0	0	0	0	0	0	0	0	0	0	0	0	0	0	0	0	0	0	0	0	0	0	0	0	0	0	0	0	0	0	0	0	0	0	0	0	0	0	0	0	0	0	0	0	0	0	0	0	0	29.9117	0	0	0	0	0	12.5126	0	0	0	0	0	0	0	0	0	0	0	0	0	0	0	0	0	0	0	0	25.9693	0	0	0	0
Merged_LrStH2f	0	0	0	0	0	0	0	0	0	0	0	0	0	0	0	0	0	0	0	0	0	0	0	0	0	0	0	0	0	0	0	0	0	0	0	0	0	0	0	0	0	0	0	0	0	0	0	0	0	0	0	0	0	0	0	0	0	0	0	0	0	0	0	0	0	0	0	0	0	0	0	0	0	0	0	0	0	0	0	0	0	0	0	0	0	0	0	0	0	0	0	0	0	0	0	0	0	0	0	0	0	0	0	0	0	0	0	0	0	0	0	0	0	0	0	0	0	0	0	0	0	0	0	0	0	0	0	0	0	0	0	0	0	0	0	0	0	0	0	0	0	0	0	0	0	0	0	0	0	0	0	0	0	0	0	0	0	0	0	0	0	0	0	0	0	0	0	0	0	0	0	0	0	0	0	0	0	0	0	0	0	0	0	0	0	0	0	0	0	0	0	0	0	0	0	0	0	0	0	0	0	0	0	0	0	0	0	0	0	0	0	0	0	0	0	0	0	0	0	0	0	0	0	0	0	0	0	0	0	0	0	0	0	0	0	0	0	0	0	0	0	0	0	0	0	0	0	0	0	0	0	0	0	0	0	0	0	0	0	0	0	0	0	0	0	0	0	0	0	0	0	0	0	0	0	0	0	0	0	0	0	0	0	0	0	0	0	0	0	0	0	0	0	0	0	0	0	0	0	0	0	0	0	0	0	0	0	0	0	0	0	0	0	0	0	0	0	0	0	0	0	0	0	0	0	0	0	0	0	0	0	0	0	0	0	0	0	0	0	0	0	0	0	0	0	0	0	0	0	0	0	0	0	0	0	0	0	0	0	0	0	0	0	0	0	0	0	0	0	0	0	0	0	0	0	0	0	0	0	0	0	0	0	0	0	0	0	0	0	0	0	0	0	0	0	0	0	0	0	0	0	0	0	0	0	0	0	0	0	0	0	0	0	0	0	0	0	0	0	0	0	0	0	0	0	0	0	0	0	0	0	0	0	0	0	0	0	0	0	0	0	0	0	0	0	0	0	0	0	0	0	0	0	0	0	0	0	0	0	0	0	0	0	0	0	0	0	0	0	0	0	0	0	0	0	0	0	0	0	0	0	0	0	0	0	0	0	0	0	0	0	0	0	0	0	0	0	0	0	0	0	0	0	0	0	0	0	0	0	0	0	0	0	0	0	0	0	0	0	0	0	0	0	0	0	0	0	0	0	0	0	0	0	0	0	0	0	0	0	0	0	0	0	0	0	0	0	0	0	0	0	0	0	0	0	0	0	0	0	0	0	0	0	0	0	0	0	0	0	0	0	0	0	0	0	0	0	0	0	0	0	0	0	0	0	0	0	0	0	0	0	0	0	0	0	0	0	0	0	0	0	0	0	0	0	0	0	0	0	0	0	0	0	0	0	0	0	0	0	0	0	0	0	0	0	0	0	0	0	0	0	0	0	0	0	0	0	0	0	0	0	0	0	0	0	0	0	0	0	0	0	0	0	0	0	0	0	0	0	0	0	0	0	0	0	0	0	0	0	0	0	0	0	0	0	0	0	0	0	0	0	0	0	0	0	0	0	0	0	0	0	0	0	0	0	0	0	0	0	0	0	0	0	0	0	0	0	0	0	0	0	0	0	0	0	0	0	0	0	0	0	0	0	0	0	0	0	0	0	0	0	0	0	0	0	0	0	0	0	0	0	0	0	0	0	0	0	0	0	0	0	0	0	0	0	0	0	0	0	0	0	0	0	0	0	0	0	0	0	0	0	0	0	0	0	0	0	0	0	0	0	0	0	0	0	0	0	0	0	0	0	0	0	0	0	0	0	0	0	0	0	0	0	0	0	0	0	0	0	0	0	0	0	0	0	0	0	0	0	0	0	0	0	0	0	0	0	0	0	0	0	0	0	0	0	0	0	0	0	0	0	0	0	0	0	0	0	0	0	0	0	0	0	0	0	0	0	0	0	0	0	0	0	0	0	0	0	0	0	0	0	0	0	0	0	0	0	0	0	0	0	0	0	0	0	0	0	0	0	0	0	0	0	0	0	0	0	0	0	0	0	0	0	0	0	0	0	0	0	0	0	0	0	0	0	0	0	0	0	0	0	0	0	0	0	0	0	0	0	0	0	0	0	0	0	0	0	0	0	0	0	0	0	0	0	0	0	0	0	0	0	0	0	0	0	0	0	0	0	0	0	0	0	0	0	0	0	0	0	0	0	0	0	0	0	0	0	0	0	0	0	0	0	0	0	0	0	0	0	0	0	0	0	0	0	0	0	0	0
P1	67.8096	0	0	0	0	0	0	0	0	0	62.4569	13.3827	0	0	67.2004	4.5579	0	16.6241	0	0	39.9093	0	0	31.2135	0	0	0	0	0	76.1722	0	0	30.1434	0	0	0	0	0	62.96	0	0	0	27.0481	0	0	0	0	0	106.628	7.1845	0	0	21.839	0	0	0	0	0	98.1851	0	3.45756	8.85723	0	29.7936	11.6366	0	31.6905	0	0	0	0	0	0	0	84.6647	0	0	0	0	0	7.02837	7.48567	0	0	6.6649	0	0	0	13.5888	113.505	0	7.80301	9.36251	0	41.7367	0	0	0	0	0	28.7168	0	0	62.6274	0	0	0	24.0683	0	0	0	0	0	14.0031	53.4758	0	0	0	33.3253	0	0	0	0	0	7.42806	32.5332	0	0	0	28.8347	29.2081	0	102.651	0	0	23.3064	0	0	0	0	70.4288	0	0	0	71.3343	0	0	0	24.9988	0	0	0	0	0	0	0	26.5809	0	72.8869	0	98.4484	0	15.0918	7.33253	13.1942	0	25.2604	13.9694	0	0	21.6425	85.3234	0	0	0	8.48272	32.1582	12.0959	0	0	0	71.3267	0	0	0	46.2603	33.7434	0	52.5851	11.4134	0	0	35.081	0	0	0	0	0	43.9735	0	2.84471	13.9454	0	0	51.4481	0	0	0	0	0	0	0	61.2507	12.7886	0	0	0	25.1828	0	0	0	0	46.7946	0	0	22.9887	0	0	0	69.9067	0	0	0	0	28.8585	10.859	0	0	0	0	0	0	40.7734	0	0	0	31.8838	0	0	0	0	0	0	0	0	56.602	0	61.9924	0	76.9142	14.7693	0	0	32.2656	0	0	0	21.6275	0	0	33.8588	0	29.6129	0	0	0	0	0	0	53.0541	0	0	17.1143	0	0	0	0	0	47.1649	0	0	0	0	9.20323	62.5981	0	9.29049	6.83995	0	15.444	12.9049	0	0	0	7.52668	38.9523	0	0	0	0	0	0	0	9.32589	95.9006	0	0	0	0	0	7.36712	11.7942	0	0	9.95403	0	0	0	22.598	11.5453	38.3975	0	0	27.8425	0	28.8584	0	0	0	0	0	85.4061	5.40243	4.59022	0	19.2909	14.743	0	11.5474	0	84.6365	0	5.24292	6.08881	0	20.0889	15.801	0	10.1289	83.815	0	6.61035	11.9991	6.36484	0	21.66	18.3076	0	43.4203	0	0	0	0	113.889	0	5.68625	0	0	0	0	52.854	0	0	0	0	15.6775	22.4942	0	0	31.2135	0	35.4934	0	0	46.3011	0	0	0	29.7378	0	0	0	53.0958	0	13.1423	0	0	0	0	0	29.8328	24.2436	0	0	63.0045	0	0	26.4238	0	57.8289	0	47.8047	0	0	0	0	45.7403	0	26.1176	0	0	0	0	0	40.3233	23.6357	0	0	0	55.9631	0	0	53.7717	0	0	0	0	68.3311	0	0	0	33.7701	0	0	29.6733	0	0	0	27.3418	64.2566	2.61968	25.4504	10.6981	7.688	0	0	0	71.6576	0	0	0	85.1421	4.56341	0	33.3494	20.4641	0	0	55.6673	0	19.3321	0	0	0	0	0	20.4012	0	24.4547	0	0	0	0	0	0	0	0	0	0	0	0	0	90.8589	0	0	5.25164	6.86295	0	23.4043	5.6843	0	0	18.4343	33.4854	0	0	0	0	0	41.7525	61.3318	0	0	0	0	14.3951	0	0	0	0	0	27.9308	0	6.34133	8.74555	0	0	0	49.8596	22.2079	0	0	0	0	0	0	0	0	0	0	0	48.9629	0	0	0	0	0	21.451	19.9676	19.2211	0	63.846	0	22.677	0	5.96684	61.2708	0	0	0	0	0	42.7436	0	0	0	0	0	77.2485	0	0	0	0	0	6.01892	7.48567	0	0	4.81441	0	0	0	11.202	32.771	5.91617	6.18743	0	9.57704	0	0	0	69.8816	0	5.08162	7.30068	15.0513	10.5426	0	0	16.2182	82.904	16.0355	6.89602	11.3615	0	20.633	15.6492	0	0	10.1839	50.9323	23.5091	0	0	0	0	41.3707	0	2.79015	3.21809	0	10.0228	13.9055	0	0	0	0	0	0	0	0	66.1646	0	0	0	0	0	0	0	0	0	70.8673	91.257	0	5.73769	6.47727	0	22.5198	10.6953	0	11.4341	0	0	0	0	0	0	19.944	0	0	0	0	0	0	0	74.2459	0	25.6031	13.281	0	0	41.2312	0	0	0	0	34.5509	0	0	0	0	12.8934	77.2069	0	26.2351	0	0	0	0	42.4363	18.9616	0	0	0	0	106.952	0	0	7.26871	8.94761	27.5433	0	0	16.7983	0	0	0	0	0	0	9.21773	45.089	0	50.1846	4.15787	0	0	16.4986	0	0	0	0	72.2872	0	0	25.1976	6.48189	0	6.59502	0	0	45.1727	0	0	45.1727	0	0	48.8952	0	48.0302	0	48.0302	0	48.0302	0	25.2393	6.2212	0	0	0	25.2393	6.2212	0	0	0	25.2393	6.2212	0	0	0	47.0606	0	48.3169	0	47.0606	0	41.6879	0	48.0302	0	49.4966	0	49.4966	0	49.4966	0	0	0	106.087	0	13.669	8.53609	0	24.7138	4.20103	0	32.0551	37.0863	0	0	0	0	0	0	84.9246	0	0	0	0	0	0	0	9.19422	65.143	0	0	0	0	0	0	110.957	0	2.70943	2.83097	0	0	17.9011	0	0	0	0	0	0	9.57202	121.451	0	0	0	0	2.36118	4.70172	2.4168	0	9.55461	7.95729	0	16.8852	2.70742	0	0	0	0	0	0	10.5612	100.551	0	0	0	0	0	0	0	0	0	0	101.728	0	23.0877	0	0	0	0	0	0	0	60.727	0	0	0	0	0	0	48.6534	0	0	0	0	0	56.6198	0	12.9946	0	0	0	105.173	0	0	0	0	9.40488	0	0	0	38.9314	13.3339	0	0	0	24.5705	88.466	8.01368	0	0	20.6761	0	0	0	0	0	0	59.432	0	0	0	0	30.4211	0	0	0	0	0	0	0	121.451	0	0	0	0	2.36118	4.70172	2.4168	0	9.55461	7.95729	0	16.8852	2.70742	0	0	0	0	0	0	10.5612	77.3201	0	0	0	0	0	0	49.8566	35.3082	7.14887	0	0	41.5411	0	0	0	0	0	0	25.1466	5.7391	0	0	0	0	53.416	0	0	0	0	0	0	48.1542	0	0	0	0	0	0	48.2492	0	0	0	0
P2	99.0399	9.72604	0	0	28.4108	0	0	0	0	0	102.695	0	0	0	124.411	0	21.7109	0	0	0	81.6681	0	10.8014	29.8938	0	58.4435	4.4052	15.4102	0	151.845	0	46.0864	0	42.292	0	20.0441	0	13.6121	170.717	0	0	52.6698	0	49.5535	0	21.2982	0	7.30443	179.992	0	28.0193	33.91	0	52.5837	0	16.3897	0	0	99.0808	0	0	0	35.2469	0	0	0	9.27618	25.1478	9.38145	0	74.8377	0	0	0	141.972	0	0	0	0	0	0	0	20.8554	51.0353	0	0	24.6581	0	6.69456	125.98	0	0	0	28.042	0	0	19.9823	0	0	0	77.2484	8.43587	15.285	157.553	0	40.0003	0	0	19.8718	46.7803	0	40.8564	0	4.6131	146.44	0	44.1562	0	0	19.8718	43.5105	0	30.4307	0	0	42.6694	14.6924	0	3.3987	121.557	45.8655	6.55822	160.323	28.6255	0	0	0	17.5701	0	0	79.8687	0	0	13.5956	136.224	27.2947	0	0	139.145	9.1004	22.5652	13.2882	25.5143	0	16.0452	30.2777	7.64722	0	65.2753	0	44.4646	0	0	0	0	4.96085	0	0	17.602	0	8.8138	166.704	0	18.9503	0	0	105.961	0	10.592	0	0	88.8131	10.6268	0	12.926	62.3505	31.3632	12.6014	24.164	0	9.95983	4.48644	5.36759	0	3.25367	22.6916	21.3905	7.41497	27.7745	0	0	0	8.93567	2.7193	30.4045	4.59687	19.8135	16.2185	7.01034	22.6916	21.3905	7.41497	67.1745	0	15.0579	0	0	47.8243	0	11.2819	0	8.74421	28.9646	0	0	0	3.1843	44.436	0	164.475	0	0	83.4151	7.8873	0	0	44.7253	0	0	19.581	0	8.12175	19.2624	0	0	0	68.022	0	0	20.3202	0	0	8.51757	13.6989	9.88191	70.3282	0	51.3234	0	96.3527	0	0	0	27.6545	0	7.39676	11.8819	0	19.0201	9.01256	39.5209	18.821	0	0	12.9272	0	0	12.7572	0	86.5938	0	0	22.4343	0	0	22.4343	0	0	53.3644	0	0	19.2076	0	0	107.707	0	0	0	0	0	0	0	0	0	23.2507	82.4571	0	0	0	0	21.4032	0	0	0	159.438	0	0	0	0	0	0	0	21.7349	65.7135	0	0	26.9708	0	6.78538	0	6.24548	0	0	0	5.24873	84.6733	0	42.7275	0	0	0	117.757	0	0	0	0	0	0	17.8981	28.4184	135.212	0	0	0	0	0	0	0	19.404	34.2354	0	0	0	0	0	0	0	0	16.451	10.5679	0	0	0	169.722	0	0	0	14.6141	12.2881	27.3224	0	39.9131	0	15.8351	0	14.1386	135.564	7.19993	0	29.8938	0	71.7132	0	18.0314	21.7732	3.90359	0	0	20.3052	56.806	83.3273	24.3099	79.8248	9.98236	0	0	0	35.2244	9.32232	0	0	0	18.8266	2.08933	95.6168	0	0	9.90703	0	55.117	0	90.5499	0	0	11.2777	0	103.096	29.089	0	0	0	27.2738	0	0	92.4502	0	0	0	0	25.1572	0	0	137.498	44.3475	18.0161	0	0	142.859	0	11.2377	0	0	0	0	59.2899	21.0245	0	11.7936	44.4837	3.43079	0	0	0	3.20146	0	0	0	100.858	0	0	0	97.2215	0	44.7751	0	0	0	1.85812	46.3509	29.2632	0	14.5324	0	0	0	0	53.109	0	10.8066	0	0	105.459	0	41.9566	0	171.467	0	0	43.7904	18.2047	0	0	149.676	0	0	0	0	21.2686	0	0	16.45	0	8.90226	12.4578	0	0	0	10.1288	0	0	160.06	0	0	33.5146	0	0	53.2342	0	32.0021	0	0	30.7171	0	0	0	0	0	13.9618	151.662	0	38.9398	0	33.7486	0	0	48.9701	0	57.1666	0	0	0	80.8676	19.7835	11.8531	12.6372	20.1459	7.50372	0	0	0	0	14.5179	0	0	0	0	104.752	0	0	18.2205	0	9.71556	145.359	0	21.3842	7.34911	0	0	117.841	0	0	0	0	0	0	0	17.6688	48.5753	0	0	23.5356	0	6.0321	35.0199	0	0	14.9678	0	0	7.16649	0	42.4801	0	0	0	0	0	15.4606	0	5.37739	37.5697	0	0	0	6.80038	0	0	21.2685	0	2.71257	73.3579	0	0	14.7619	0	8.02013	48.9959	0	0	0	0	0	0	24.5298	0	0	48.1144	0	0	30.781	30.781	43.606	0	12.1827	0	6.63215	26.5169	0	0	0	0	30.1909	126.104	0	0	0	0	0	0	0	18.8113	140.548	27.02	24.0804	0	49.9816	0	125.745	0	12.8922	0	6.19783	21.0315	0	0	82.4051	0	0	0	0	0	23.2961	4.03429	20.1051	9.88983	0	65.8517	14.7094	18.6853	11.2119	0	8.72016	134.694	0	0	10.9251	39.1706	14.9394	0	0	69.9608	14.9834	0	28.5146	0	144.866	0	0	0	0	0	22.5615	17.5808	0	0	27.3818	0	0	17.4746	0	5.38482	15.7274	0	180.151	0	8.17178	37.7738	0	21.1569	0	17.4001	0	92.6498	0	0	7.18266	0	0	0	5.58445	0	101.575	38.3321	0	101.575	38.3321	0	30.0348	0	90.717	0	0	0	0	0	23.209	0	14.5983	0	4.61663	23.209	0	14.5983	0	4.61663	23.209	0	14.5983	0	4.61663	0	0	21.1064	0	0	0	0	0	0	0	90.1467	0	90.1467	0	90.1467	0	27.1661	13.2182	77.6657	0	0	0	6.99645	0	0	0	14.7859	34.313	0	0	0	0	170.249	0	192.38	0	32.8777	30.682	14.29	57.2237	14.5787	0	0	137.076	0	49.2456	14.4898	0	0	0	192.065	0	0	0	0	19.3581	0	13.9838	86.462	0	0	16.1731	0	0	225.091	0	0	0	0	0	0	0	0	17.6469	0	0	0	0	14.3445	112	0	0	14.925	0	6.64731	190.202	0	0	0	10.5119	15.3136	64.2769	0	11.6678	0	0	102.093	0	0	0	0	12.5225	0	0	0	0	116.754	0	27.9706	40.0224	11.7593	0	0	139.648	19.3499	28.8374	23.0435	0	0	59.694	0	0	32.3845	0	0	136.957	0	0	0	0	0	20.6571	21.5517	30.3874	0	0	49.0407	0	0	6.47447	175.504	0	24.1997	30.9137	0	55.6564	0	0	17.9279	0	0	46.1053	0	0	0	0	111.048	15.1878	27.0654	24.3709	0	2.69734	0	0	225.091	0	0	0	0	0	0	0	0	17.6469	0	0	0	0	14.3445	112	0	0	14.925	0	6.64731	156.993	0	16.8571	0	0	160.105	135.918	0	0	0	0	0	153.467	0	47.1463	0	40.6594	0	6.82316	0	0	0	91.7239	14.1837	15.9558	137.473	15.4987	38.6464	0	18.8962	0	14.4814	131.888	0	14.643	38.2768	14.1306	0	15.0031	133.235	14.1959	42.5335	0	17.4334
P3	131.827	0	0	0	0	58.4521	0	0	0	0	66.0675	0	50.6529	0	96.7702	0	0	0	61.3908	0	84.3449	57.9807	0	0	0	0	0	0	0	110.92	0	0	0	0	0	0	52.1148	0	113.133	0	0	0	0	0	0	0	54.1803	0	82.5633	0	0	0	0	0	0	0	42.2527	0	137.617	0	0	0	0	0	0	104.809	0	0	0	0	39.8812	0	0	0	142.194	0	0	0	0	0	0	0	0	0	0	0	0	118.77	0	131.433	0	0	0	0	0	0	0	68.8366	0	0	0	0	0	85.4185	0	0	0	0	0	0	0	0	58.3035	0	0	0	0	0	0	0	0	0	0	0	0	0	0	0	0	0	0	0	85.2883	0	0	0	0	0	45.4046	0	100.966	0	59.4137	0	117.181	0	0	0	47.0325	0	0	0	0	0	0	0	58.5017	56.4866	54.6665	0	39.2494	0	0	0	0	0	0	0	0	38.6913	0	111.498	0	0	0	0	106.737	0	0	44.9478	0	120.686	0	83.7489	0	0	0	0	0	0	0	0	0	0	0	0	0	0	0	0	0	0	0	0	0	0	0	0	0	0	0	0	69.8854	0	0	58.0245	0	65.7111	0	0	59.4811	0	15.2706	0	0	0	0	0	0	102.49	0	0	0	0	0	0	0	0	0	0	79.2707	0	0	0	0	0	0	0	0	0	0	0	0	0	0	66.4401	0	0	0	99.846	0	63.1672	0	0	0	0	0	0	0	0	82.9318	0	0	0	0	78.7892	0	0	0	59.2077	0	0	31.5157	0	0	0	31.5157	0	0	0	0	0	0	0	149.38	0	0	0	0	0	0	0	0	98.8152	0	70.8497	0	0	0	0	0	0	0	0	150.937	0	0	0	0	0	0	0	0	0	0	0	0	139.083	0	0	0	0	0	0	0	0	0	0	0	0	0	122.856	0	0	0	0	0	67.2618	0	0	140.346	0	0	0	0	0	0	97.0754	0	0	0	0	0	0	0	0	0	0	50.6301	0	50.6301	0	0	149.621	0	0	0	0	0	0	0	25.5358	0	0	84.9041	0	68.3455	0	0	0	0	0	0	0	0	0	0	0	0	0	28.0604	0	98.1351	0	0	98.1351	0	0	0	0	0	0	0	0	107.498	63.307	0	0	0	0	0	86.3199	0	78.3545	0	0	47.0118	0	0	0	0	0	44.3134	0	0	0	0	0	0	86.7378	51.7155	0	96.7699	39.7024	0	39.0378	0	95.5428	0	0	79.6983	0	0	0	68.4563	0	68.4563	0	0	0	0	0	0	0	0	0	0	0	0	0	0	77.5474	0	0	0	0	77.5474	0	97.2005	0	0	0	97.2005	0	0	0	0	0	0	0	0	98.2828	0	35.1711	0	91.4405	0	0	32.6648	0	0	0	136.007	0	0	0	0	0	0	0	0	94.9425	0	23.6808	0	0	0	0	0	0	127.891	0	0	0	0	0	0	0	0	48.1044	0	89.3569	0	0	0	0	77.7783	0	0	0	0	0	0	0	0	0	0	0	0	0	0	0	0	0	0	0	0	0	0	0	0	65.4049	0	0	0	0	96.7597	0	0	0	0	0	42.1285	0	0	0	0	0	133.239	0	0	0	0	0	0	0	0	0	0	0	0	103.958	0	0	0	0	0	0	0	0	0	35.4727	0	0	0	0	0	0	34.9263	0	35.9883	0	0	0	0	0	0	0	35.9883	0	100.519	0	0	0	58.4552	0	96.46	0	0	0	0	0	0	0	86.0079	0	0	0	0	0	0	37.0981	0	0	33.5029	0	34.1785	0	34.1785	0	0	85.825	140.103	0	0	0	0	0	0	99.9406	0	56.7148	0	0	0	0	0	88.009	0	0	0	0	0	0	0	89.9943	0	0	0	54.5208	0	0	0	0	0	0	54.4443	0	0	0	49.3397	0	87.606	0	0	0	0	0	69.0963	0	48.0895	0	45.6388	0	0	118.767	0	0	0	0	0	0	0	0	0	0	0	0	0	84.1302	0	0	0	177.678	0	0	0	0	0	140.591	0	0	85.0383	67.6401	0	0	0	0	0	0	0	50.1384	0	0	50.1384	0	0	56.2638	0	56.2638	0	56.2638	0	56.2638	0	60.4028	0	0	60.4028	0	60.4028	0	0	60.4028	0	60.4028	0	0	60.4028	0	43.8312	0	43.8312	0	43.8312	0	32.2518	0	56.2638	0	70.9907	0	70.9907	0	70.9907	0	0	0	116.181	0	0	0	0	0	0	109.669	0	47.1702	43.124	0	47.8191	47.105	55.4201	0	65.9648	0	0	0	0	0	0	0	0	79.9444	0	0	0	0	0	0	193.016	0	0	0	0	0	0	0	92.9286	0	0	0	61.6631	0	187.286	0	0	0	0	0	0	0	0	0	0	0	0	0	0	108.872	0	0	0	55.7691	0	70.7648	0	0	0	0	0	34.5244	0	0	0	18.3379	47.9447	0	0	0	0	0	0	0	0	0	175.278	0	0	0	0	116.043	0	140.636	0	0	0	80.7779	0	96.9394	0	0	17.2782	54.6282	0	101.497	0	0	0	0	0	0	0	0	0	0	0	0	58.6809	0	67.5708	0	0	0	0	0	0	0	0	34.8619	0	0	0	0	0	0	97.3946	0	0	0	76.2405	0	0	0	187.286	0	0	0	0	0	0	0	0	0	0	0	0	0	0	108.872	0	0	0	55.7691	0	54.0063	0	0	0	0	54.8344	56.1956	48.1315	0	0	48.1315	0	60.5321	0	0	0	0	33.4321	0	0	0	0	0	0	0	98.1585	0	35.8673	0	0	40.8383	0	96.8853	0	0	34.1896	0	43.1238	0	96.0042	0	37.4297	0	0
P4	115.854	0	10.6879	0	0	43.7471	16.2161	0	11.3159	0	67.7032	0	32.3631	9.14407	90.3996	0	0	0	38.9779	14.6935	85.7179	35.7199	19.4501	17.8386	6.43605	0	0	0	42.953	91.9454	0	0	0	13.095	0	0	34.9325	20.4674	96.4103	0	0	0	0	17.0361	0	0	35.7941	22.5837	108.943	0	0	7.72007	0	23.7262	0	0	38.7398	20.7816	92.278	0	0	0	15.9547	0	0	43.9205	12.6372	23.6057	8.41997	7.93373	58.8496	0	21.6987	13.4934	102.855	0	0	0	0	0	0	0	0	9.9786	0	0	0	48.9476	27.4215	112.395	0	0	0	16.0345	0	0	0	36.282	15.3125	0	0	0	0	92.8524	0	0	6.05115	0	6.21646	19.1059	0	0	32.999	17.5269	80.4904	7.69814	0	14.2879	0	6.21646	24.0551	0	0	9.87024	15.3394	17.8008	5.18424	0	11.8729	30.583	23.0271	8.49678	97.7184	0	8.08212	0	0	0	39.7928	16.2086	86.1792	0	36.2421	11.7653	112.258	0	31.6198	0	99.24	0	19.2757	9.67042	6.99801	0	0	22.6054	42.4173	34.8875	70.3282	20.1237	83.7024	0	0	0	0	0	0	0	0	20.8082	30.7064	89.976	0	0	41.0317	24.3836	81.5631	0	0	19.9409	29.0398	108.137	0	49.8754	12.4244	72.7499	9.74848	0	11.7221	0	3.33198	0	29.3007	9.53387	3.3458	7.764	0	7.33468	27.4339	0	0	0	13.6645	2.89517	12.3124	1.54484	7.23868	0	6.48735	7.764	0	7.33468	71.9283	0	0	33.3236	17.8453	74.8617	0	5.61068	44.2731	18.1108	28.0175	0	7.527	0	3.84134	10.1173	7.99446	76.3379	0	0	0	0	0	0	9.41715	0	0	0	38.6385	24.293	66.4671	0	8.76973	26.271	51.7985	0	0	0	6.02608	26.8467	10.9919	0	0	57.308	10.5387	57.3654	0	92.7722	0	43.4828	15.6681	23.2274	0	12.1245	0	0	10.7732	7.76672	53.01	5.093	0	0	0	32.0474	9.54287	21.6247	11.6511	64.8541	8.23461	0	31.6436	0	0	0	17.6775	12.8789	48.5781	0	0	0	19.3192	18.8735	91.3526	0	0	0	12.674	0	0	0	0	46.6766	1.86677	132.005	0	0	0	0	0	0	0	13.3788	117.132	0	0	0	0	0	0	0	0	12.0441	0	0	0	51.1253	33.5044	0	49.969	0	8.41402	0	0	0	0	0	0	0	0	96.1197	0	0	9.71507	0	0	38.0485	3.81467	7.2744	101.663	0	0	0	10.9852	0	0	40.8347	3.38812	32.0365	0	0	0	0	5.80725	0	0	0	41.2653	0	25.5273	5.53403	20.4753	181.524	0	0	0	0	0	31.5292	0	15.8605	0	0	77.8693	27.7131	63.6703	0	15.3514	17.8386	6.43605	85.9371	34.3298	30.9292	0	0	0	0	14.7882	16.3419	1.90412	0	69.5326	4.08889	0	22.7372	8.3689	46.0165	0	0	0	0	9.24793	8.38091	84.9145	31.8195	0	38.5079	6.3296	30.0435	3.82907	70.1612	21.0242	34.4924	0	15.664	63.2844	24.5951	0	0	0	0	17.096	19.5777	67.7167	0	0	12.1217	15.482	100.842	36.0951	4.94905	90.5765	21.9979	0	20.444	13.4252	83.4561	7.76777	0	37.7215	10.3427	0	0	82.2184	8.37106	38.0954	24.7936	18.7243	4.8868	0	0	0	3.74584	9.1886	0	0	93.3877	31.3984	0	0	80.3267	0	14.2503	0	0	37.158	13.7188	91.099	4.09243	0	0	54.6166	17.2411	16.7159	11.3848	23.2912	0	37.3482	0	0	75.7268	4.95046	20.3324	0	104.623	0	0	18.8901	0	34.482	11.4773	106.111	0	0	0	0	8.60078	0	0	0	38.1839	21.9619	24.5411	0	0	0	0	15.537	0	113.422	0	0	0	7.48091	0	19.8443	0	0	41.7661	18.3671	61.9098	0	0	0	7.8137	35.9606	11.963	72.7354	0	18.5391	0	0	9.89064	14.9818	13.6684	9.24587	19.821	2.94139	11.1734	5.70625	42.4504	14.6163	0	8.95347	0	11.0889	0	20.6545	0	16.2747	52.1225	5.71427	0	21.3992	14.4141	97.1297	0	0	0	36.6521	11.945	41.5192	0	0	2.48562	28.3073	5.7238	92.4604	0	0	0	0	0	0	0	0	9.57427	0	0	0	44.9161	27.1749	50.7959	0	0	13.2752	0	31.5555	9.06747	10.8219	82.6293	0	0	0	0	0	0	18.7882	26.8434	41.4813	0	0	0	0	0	0	0	20.3568	21.1158	77.0292	0	0	0	33.4827	12.9782	101.372	0	0	0	2.65646	0	0	0	57.5826	16.6018	0	0	0	40.8652	40.8652	64.6682	12.9116	0	20.5062	14.2554	34.1502	0	21.1566	7.57024	40.8598	73.595	102.745	0	0	0	10.8809	0	0	43.9683	3.83239	76.611	14.8026	0	7.31963	24.5739	0	75.8273	0	0	0	12.6459	27.3176	0	0	90.3189	7.67879	0	0	40.618	13.3542	0	0	16.5102	4.16835	9.24565	55.7815	0	0	0	25.2216	5.71582	93.4328	6.82347	0	0	0	0	34.8158	17.7745	67.0455	26.2653	20.7264	10.5365	23.7136	83.5112	0	0	0	0	0	0	8.16391	0	6.34604	0	0	0	0	33.2488	20.439	0	0	116.213	0	3.13498	19.6832	0	0	45.7952	17.7167	9.95523	88.771	46.3463	0	30.7649	0	6.76018	0	6.2136	0	62.6952	19.9626	13.1244	62.6952	19.9626	13.1244	55.8662	18.5317	55.8662	18.5317	55.8662	18.5317	55.8662	18.5317	36.8117	0	0	22.1452	6.72155	36.8117	0	0	22.1452	6.72155	36.8117	0	0	22.1452	6.72155	45.6709	17.1183	45.6709	17.1183	45.6709	17.1183	58.551	11.7554	55.8662	18.5317	59.2538	19.6063	59.2538	19.6063	59.2538	19.6063	14.4075	0	103.516	0	0	0	14.4889	0	0	51.5029	19.2344	56.7377	23.7164	10.0967	40.7833	25.1477	87.9995	0	79.5435	0	14.1302	0	0	19.4449	0	30.5278	20.0228	85.5674	0	0	0	36.796	20.9181	74.5533	128.415	0	0	0	0	9.74591	0	9.29459	38.2371	0	0	0	27.484	13.3479	193.157	0	0	0	0	0	0	0	0	13.6745	0	5.24067	0	0	9.74399	62.3401	0	0	0	27.2607	13.6518	107.736	0	0	9.71469	0	5.43915	21.6291	0	0	20.124	13.7502	112.749	0	0	3.6501	5.28331	0	0	0	19.8671	13.3579	121.219	0	3.09207	24.279	0	49.5163	10.85	109.892	0	8.56865	0	43.6949	17.4481	99.9446	7.05131	0	0	53.9249	3.22948	86.9755	0	0	0	0	0	5.85817	0	14.6489	0	0	16.0949	0	33.401	8.33034	99.9421	0	0	6.29372	0	24.8596	0	0	0	35.6261	18.3312	61.687	24.8266	13.3659	0	0	61.8289	0	0	0	28.9283	0	0	11.5911	193.157	0	0	0	0	0	0	0	0	13.6745	0	5.24067	0	0	9.74399	62.3401	0	0	0	27.2607	13.6518	81.5626	0	0	36.4294	22.5894	78.9865	82.6917	31.517	0	0	19.7027	0	67.5054	9.84291	0	12.3257	21.6541	17.2176	0	0	0	0	68.0843	0	16.1627	91.3103	0	14.3896	0	0	23.0716	14.7402	78.5634	0	0	14.3362	0	20.3379	14.7423	83.2894	0	19.1774	0	0
P7	115.75	0	0	0	0	0	52.0162	13.2594	18.6225	0	115.846	0	0	55.12	127.799	0	0	0	0	65.551	38.5674	0	0	23.2731	0	3.26221	0	3.06419	0	154.646	0	0	0	0	0	17.7407	0	52.3391	163.331	0	6.69446	0	0	31.6324	0	17.3677	0	46.9407	154.82	0	0	0	0	0	0	18.4997	0	45.6634	84.5043	9.82559	0	0	0	0	0	0	50.4598	9.84345	0	5.47328	52.4225	16.822	0	0	170.92	0	0	0	0	20.4034	0	0	0	0	0	0	16.6928	0	104.939	209.988	19.7653	0	0	0	0	0	0	0	79.5956	17.4469	4.85819	0	4.52221	113.116	9.0445	0	0	0	0	56.3974	0	0	0	36.6298	120.491	4.43255	0	0	0	0	59.0745	0	18.1227	0	31.996	32.6969	0	0	19.1104	60.1402	0	0	157.666	0	0	0	0	18.8315	0	46.5025	118.067	0	0	37.0443	114.605	0	0	44.6223	224.16	0	0	0	0	0	0	147.956	0	0	0	0	81.3771	26.895	0	0	0	0	0	0	11.7741	0	28.7587	98.9685	0	21.0597	0	25.8776	68.3471	0	0	0	18.4271	136.173	0	0	82.6176	0	0	0	0	0	0	0	16.174	0	6.10386	22.5872	0	6.68727	28.8369	0	0	0	0	20.4745	19.1727	16.871	18.2581	0	5.40567	22.5872	0	6.68727	92.7619	0	13.3436	0	29.2099	26.1888	0	0	0	24.407	13.7304	0	0	0	4.47747	34.162	0	111.726	0	19.9771	0	0	0	0	0	0	0	23.5122	0	40.5758	0	0	0	0	59.6276	0	0	0	0	0	34.4867	0	0	61.6868	27.4682	90.7983	54.0622	114.348	0	0	56.7153	68.6994	21.8476	0	43.3044	0	0	0	51.0342	0	0	0	0	0	25.482	0	0	90.7281	0	33.804	28.9498	0	0	11.9913	0	0	120.936	10.1827	0	0	0	46.8661	83.2662	8.93514	0	0	0	0	0	0	0	0	10.9196	163.402	0	0	0	15.5473	0	0	0	51.0365	178.713	0	0	0	0	25.3125	0	0	0	0	0	0	18.1708	0	124.341	0	0	0	0	0	0	110.621	14.9489	17.4693	16.0001	12.7864	8.09884	111.751	0	0	0	0	0	0	20.5316	22.3704	117.72	10.0929	0	0	0	0	0	0	18.6406	30.2056	0	0	0	0	0	0	0	11.8642	23.0829	0	0	14.1845	37.8959	166.165	13.7818	0	4.77636	0	0	0	0	0	0	16.5253	0	86.0541	157.126	0	70.6909	23.2731	0	0	0	0	81.2873	40.8758	6.4996	4.43897	0	0	0	0	107.923	0	0	0	53.3248	0	0	22.1179	0	0	29.4401	11.9444	103.27	0	23.947	0	0	45.2788	32.4771	63.398	0	0	41.236	0	41.6383	0	0	0	0	14.3582	0	9.66107	49.9138	0	0	0	7.61161	63.0276	0	33.2707	123.103	29.2184	0	0	42.7981	77.4407	0	10.8296	0	34.8802	0	0	22.0517	0	0	0	28.179	8.93543	0	0	0	8.47876	33.6445	14.7872	8.2754	0	0	0	0	140.012	0	0	0	0	0	104.799	36.1885	0	0	0	0	26.0362	0	0	86.3515	12.0752	0	0	0	134.108	0	35.2299	0	153.003	0	12.9518	36.6633	0	0	20.1141	176.655	0	14.8619	0	0	0	0	0	0	0	68.9082	165.825	45.2759	0	0	0	100.501	0	183.73	0	18.367	0	0	0	27.382	0	22.6845	0	66.4237	0	0	0	0	0	0	0	105.823	0	44.7542	0	0	0	26.6706	40.091	0	0	0	0	0	106.765	21.7333	0	0	16.9856	31.1663	0	0	0	0	78.526	0	0	0	58.7476	140.943	0	12.6471	0	0	31.2513	148.868	0	0	0	0	75.5762	170.517	0	0	0	0	19.2644	0	0	0	0	0	0	15.348	0	104.939	53.8768	0	0	0	0	0	48.7956	30.0279	76.2797	26.0573	0	0	0	0	11.752	0	23.7065	44.2211	0	0	0	0	0	0	0	0	0	122.948	0	0	0	0	44.1349	96.4997	30.7947	0	0	0	0	0	13.353	0	33.6333	24.6514	34.4574	19.7753	36.0105	36.0105	44.9194	0	12.3411	0	13.6922	25.9139	17.1291	0	0	0	65.4178	114.589	11.0688	0	0	0	0	0	0	20.5408	113.387	25.1038	0	0	57.5056	0	88.182	0	0	0	0	0	21.6435	21.6435	105.235	0	0	0	0	49.494	75.9381	30.9867	0	0	0	33.3011	0	0	0	0	17.5531	123.318	0	0	0	34.887	9.91475	0	39.0759	23.7128	0	0	22.8653	0	147.984	0	13.9756	0	0	0	0	0	0	0	0	0	0	0	0	53.2622	77.3752	36.2398	138.645	0	0	0	0	11.6906	0	46.6853	23.7668	68.5977	0	55.3262	25.2759	0	0	0	18.768	19.2368	64.6728	24.7782	0	64.6728	24.7782	0	0	0	57.797	0	0	0	0	0	0	0	0	0	0	0	0	0	0	0	0	0	0	0	0	0	0	0	0	0	0	0	0	0	0	70.0602	0	70.0602	0	70.0602	0	25.2589	0	117.725	12.2924	0	0	0	0	0	0	75.971	38.6841	0	0	0	0	98.9825	0	112.601	0	26.0215	0	0	0	21.856	0	18.5471	97.6953	0	0	15.9015	0	25.1797	92.075	259.44	11.653	0	0	7.24309	23.2207	0	0	77.6274	0	0	0	0	77.5479	386.352	0	0	0	13.6562	0	0	0	6.98677	27.8481	0	0	0	0	0	106.131	0	0	0	0	89.7145	173.607	0	5.98108	0	0	0	33.0493	0	0	0	64.4437	166.799	7.80095	0	0	0	27.2218	0	11.4313	0	60.6649	81.1623	17.7747	0	0	0	0	30.2104	133.279	0	0	0	0	75.9359	20.4181	0	0	0	0	15.5251	142.779	0	0	0	0	0	0	0	0	0	0	35.4584	0	0	98.1587	151.708	0	0	0	0	38.412	0	0	18.1006	0	41.3346	60.175	0	13.4138	17.8863	16.1966	44.4623	0	0	0	0	34.454	0	29.4572	386.352	0	0	0	13.6562	0	0	0	6.98677	27.8481	0	0	0	0	0	106.131	0	0	0	0	89.7145	95.901	0	20.3161	0	24.4768	93.1073	69.5343	26.3431	0	0	0	0	88.462	20.8768	0	0	34.587	0	21.6491	41.1825	0	34.8727	42.979	0	29.0513	121.011	0	0	0	0	0	42.8241	118.921	0	0	0	0	0	50.7181	113.954	0	25.0175	0	0
P8	130.305	0	0	119.22	0	0	0	0	69.4129	25.1184	0	0	0	0	0	0	0	0	0	0	0	0	0	0	0	0	0	0	0	145.325	0	0	0	0	109.388	0	0	0	113.912	0	0	0	0	0	97.8308	0	0	0	93.3902	0	0	0	0	0	65.8934	0	0	0	0	0	0	0	0	0	0	0	0	0	0	0	0	0	0	0	172.051	0	0	0	0	0	0	0	0	0	0	156.043	0	0	0	62.9692	0	0	0	0	0	46.1243	0	0	0	47.0058	0	0	0	80.8552	0	0	0	0	0	0	73.911	0	0	0	80.8552	0	0	0	0	0	0	73.911	0	0	0	79.081	0	73.9561	0	0	0	0	98.3422	0	0	0	71.0313	0	0	0	0	0	0	0	0	0	0	0	237.945	0	0	0	0	229.735	0	0	0	0	0	0	0	0	0	0	0	0	0	0	0	0	0	0	0	0	0	0	0	0	0	0	0	0	0	0	0	0	0	0	0	0	0	0	0	0	0	0	0	0	0	0	0	0	0	0	0	0	0	0	0	0	0	0	0	0	0	0	0	0	0	0	0	0	0	0	0	0	0	0	0	177.048	0	0	0	0	0	0	0	7.25625	159.666	0	0	0	0	0	0	0	0	0	0	0	0	0	0	0	0	0	0	0	0	0	0	0	0	0	0	0	0	0	0	0	77.8341	0	0	65.6608	0	0	0	0	0	0	0	0	69.0506	4.83629	62.7192	0	0	0	126.407	0	90.2584	0	0	0	122.582	0	0	0	0	0	0	6.11898	106.879	0	0	84.1879	0	0	0	0	0	9.76053	74.8402	0	174.21	0	0	0	0	0	0	0	0	0	0	161.895	0	0	0	0	0	0	0	0	0	0	0	0	0	0	0	0	0	0	0	0	0	0	0	0	0	0	0	0	0	0	0	0	0	0	0	0	0	0	0	0	0	0	0	0	0	0	0	80.2083	0	0	0	0	0	0	0	0	67.1626	0	0	0	84.2012	0	0	0	0	0	0	0	0	0	0	0	0	0	0	0	0	0	0	0	0	0	0	0	0	0	0	0	0	0	0	0	0	0	0	0	0	0	0	0	121.675	0	0	12.4717	90.1903	0	0	0	99.3591	0	84.9914	0	0	0	0	0	62.6087	0	0	0	0	0	0	0	0	0	0	0	0	0	0	0	0	0	0	0	0	0	0	0	0	0	0	0	0	0	0	0	0	0	0	0	0	0	0	0	0	0	0	0	0	0	0	0	0	0	0	0	0	0	0	0	0	0	0	0	0	0	0	0	0	0	0	0	0	0	0	218.889	0	52.3042	150.127	0	0	0	158.307	0	0	0	0	0	0	152.942	0	0	0	0	0	0	0	0	0	0	62.0245	0	0	59.1809	0	0	0	0	0	0	0	0	0	0	0	0	0	0	0	0	0	0	0	0	0	0	0	0	0	0	0	0	0	0	0	0	0	0	0	0	156.214	0	0	0	0	0	0	0	0	0	0	141.379	0	0	0	0	0	0	0	0	0	0	0	0	0	0	0	0	0	0	0	0	0	0	0	0	0	0	0	0	0	0	95.6252	0	81.0849	0	0	0	0	0	0	0	0	0	0	0	0	0	0	0	0	0	0	0	0	0	0	0	0	0	0	0	0	0	0	0	0	0	0	0	0	0	0	0	0	0	0	0	0	0	0	0	0	0	0	0	0	0	0	0	0	0	0	0	0	0	0	0	0	0	0	0	0	0	0	0	0	0	0	0	0	0	0	0	0	0	0	92.2344	0	0	0	0	0	0	0	0	0	0	10.0265	57.6724	0	0	0	0	0	0	0	0	0	0	0	0	0	0	0	0	0	0	0	0	0	0	0	0	0	0	0	0	0	0	0	0	0	0	0	0	0	0	0	0	0	0	0	0	0	0	0	0	0	0	0	0	0	0	0	0	0	0	0	0	0	0	0	0	0	0	0	0	0	0	0	0	0	0	0	0	0	0	0	0	0	0	0	0	0	0	0	0	0	0	0	0	0	0	0	0	0	0	0	0	0	0	72.3449	0	0	0	0	0	0	0	0	14.5456	52.2976	0	0	0	70.7634	0	0	0	0	0	0	0	0	0	0	0	0	0	0	0	12.5938	56.2974	0	0	0	53.4219	0	0	0	0	0	0	42.9077	0	0	0	50.3661	0	0	0	0	0	39.9701	0	0	0	0	0	0	0	0	0	0	0	0	0	0	0	0	0	0	0	0	0	0	78.5418	0	0	0	0	0	0	0	0	0	0	0	57.5468	0	0	87.0125	0	0	0	0	0	17.3443	56.4831	0	0	0	0	0	0	0	0	0	0	0	0	0	0	0	0	70.7634	0	0	0	0	0	0	0	0	0	0	0	0	0	0	0	12.5938	56.2974	0	0	0	0	0	0	0	0	0	0	0	0	0	0	0	0	0	0	0	0	0	0	0	0	0	0	0	0	72.2917	0	0	57.0447	0	0	0	63.3489	0	0	0	0	0	0	63.6746	0	0	49.9934	0
PoolRosalia	0	0	0	0	0	0	0	0	0	0	0	0	0	0	0	0	0	0	0	0	0	0	0	0	0	0	0	0	0	0	0	0	0	0	0	0	0	0	0	0	0	0	0	0	0	0	0	0	0	0	0	0	0	0	0	0	0	0	0	0	0	0	0	0	0	0	0	0	0	0	0	0	0	0	0	0	0	0	0	0	0	0	0	0	0	0	0	0	0	0	0	0	0	0	0	0	0	0	0	0	0	0	0	0	0	0	0	0	0	0	0	0	0	0	0	0	0	0	0	0	0	0	0	0	0	0	0	0	0	0	0	0	0	0	0	0	0	0	0	0	0	0	0	0	0	0	0	0	0	0	0	0	0	0	0	0	0	0	0	0	0	0	0	0	0	0	0	0	0	0	0	0	0	0	0	0	0	0	0	0	0	0	0	0	0	0	0	0	0	0	0	0	0	0	0	0	0	0	0	0	0	0	0	0	0	0	0	0	0	0	0	0	0	0	0	0	0	0	0	0	0	0	0	0	0	0	0	0	0	0	0	0	0	0	0	0	0	0	0	0	0	0	0	0	0	0	0	0	0	0	0	0	0	0	0	0	0	0	0	0	0	0	0	0	0	0	0	0	0	0	0	0	0	0	0	0	0	0	0	0	0	0	0	0	0	0	0	0	0	0	0	0	0	0	0	0	0	0	0	0	0	0	0	0	0	0	0	0	0	0	0	0	0	0	0	0	0	0	0	0	0	0	0	0	0	0	0	0	0	0	0	0	0	0	0	0	0	0	0	0	0	0	0	0	0	0	0	0	0	0	0	0	0	0	0	0	0	0	0	0	0	0	0	0	0	0	0	0	0	0	0	0	0	0	0	0	0	0	0	0	0	0	0	0	0	0	0	0	0	0	0	0	0	0	0	0	0	0	0	0	0	0	0	0	0	0	0	0	0	0	0	0	0	0	0	0	0	0	0	0	0	0	0	0	0	0	0	0	0	0	0	0	0	0	0	0	0	0	0	0	0	0	0	0	0	0	0	0	0	0	0	0	0	0	0	0	0	0	0	0	0	0	0	0	0	0	0	0	0	0	0	0	0	0	0	0	0	0	0	0	0	0	0	0	0	0	0	0	0	0	0	0	0	0	0	0	0	0	0	0	0	0	0	0	0	0	0	0	0	0	0	0	0	0	0	0	0	0	0	0	0	0	0	0	0	0	0	0	0	0	0	0	0	0	0	0	0	0	0	0	0	0	0	0	0	0	0	0	0	0	0	0	0	0	0	0	0	0	0	0	0	0	0	0	0	0	0	0	0	0	0	0	0	0	0	0	0	0	0	0	0	0	0	0	0	0	0	0	0	0	0	0	0	0	0	0	0	0	0	0	0	0	0	0	0	0	0	0	0	0	0	0	0	0	0	0	0	0	0	0	0	0	0	0	0	0	0	0	0	0	0	0	0	0	0	0	0	0	0	0	0	0	0	0	0	0	0	0	0	0	0	0	0	0	0	0	0	0	0	0	0	0	0	0	0	0	0	0	0	0	0	0	0	0	0	0	0	0	0	0	0	0	0	0	0	0	0	0	0	0	0	0	0	0	0	0	0	0	0	0	0	0	0	0	0	0	0	0	0	0	0	0	0	0	0	0	0	0	0	0	0	0	0	0	0	0	0	0	0	0	0	0	0	0	0	0	0	0	0	0	0	0	0	0	0	0	0	0	0	0	0	0	0	0	0	0	0	0	0	0	0	0	0	0	0	0	0	0	0	0	0	0	0	0	0	0	0	0	0	0	0	0	0	0	0	0	0	0	0	0	0	0	0	0	0	0	0	0	0	0	0	0	0	0	0	0	0	0	0	0	0	0	0	0	0	0	0	0	0	0	0	0	0	0	0	0	0	0	0	0	0	0	0	0	0	0	0	0	0	0	0	0	0	0	0	0	0	0	0	0	0	0	0	0	0	0	0	0	0	0	0	0	0	0	0	0	0	0	0	0	0	0	0	0	0	0	0	0	0	0	0	0	0	0	0	0	0	0	0	0	0	0	0	0	0	0	0	0	0	0	0	0	0	0	0	0	0	0	0	0	0	0	0	0	0	0	0	0	0	0	0	0	0	0	0	0	0	0	0	0	0	0	0	0	0	0	0	0	0	0	0	0	0	0	0	0	0	0	0	0	0	0	0	0	0	0	0	0	0	0	0	0	0	0	0	0	0	0	0	0	0	0	0	0	0	0	0	0	0	0	0	0	0	0	0	0	0	0	0	0	0	0	0	0	0	0	0	0	0
SAfe	0	0	0	0	0	0	0	0	0	0	0	0	0	0	135.682	0	0	0	0	0	0	0	0	0	0	0	0	0	0	0	0	0	0	0	0	0	0	0	0	0	0	0	0	0	0	0	0	0	0	0	0	0	0	0	0	0	0	0	0	0	0	0	0	0	0	0	0	0	0	0	0	0	0	0	262.967	0	146.394	0	0	0	0	0	0	0	0	0	0	0	0	0	0	0	0	0	0	0	0	0	0	0	0	0	0	0	0	0	0	0	0	0	0	0	0	0	0	0	0	0	0	0	0	0	0	0	0	0	0	0	0	0	0	0	0	0	0	0	0	0	0	0	0	0	0	0	0	0	0	0	127.142	0	0	0	0	0	0	0	0	0	0	0	0	0	0	0	0	0	0	0	0	0	0	0	0	0	0	0	0	0	0	0	0	0	0	0	0	0	0	0	0	0	0	0	0	0	0	0	0	0	0	0	0	0	0	0	0	0	0	0	0	0	0	0	0	0	0	0	0	0	0	0	0	0	0	0	0	0	0	0	0	0	0	0	0	0	0	0	0	0	0	0	0	0	0	0	0	0	0	0	0	0	0	0	0	0	0	0	0	0	0	0	0	0	0	0	0	0	0	0	0	0	0	0	0	0	0	0	0	0	0	0	0	0	0	0	0	0	0	0	0	0	0	0	0	0	0	0	0	0	0	0	0	0	0	0	0	128.108	0	0	0	0	0	0	0	40.6703	277.183	0	162.989	0	0	0	0	0	0	0	0	0	0	0	0	0	0	0	0	0	0	0	0	0	0	0	0	0	0	0	0	0	0	0	0	0	0	0	0	0	0	0	0	0	0	0	0	0	0	0	0	0	0	0	0	0	0	0	0	53.4167	0	0	0	0	0	0	0	0	0	0	0	38.395	0	0	0	0	0	0	0	0	0	0	0	0	0	0	0	0	0	0	0	0	0	0	0	0	0	0	0	0	0	0	0	0	0	0	0	0	0	0	0	0	0	0	0	0	0	0	0	0	0	0	0	0	0	0	0	0	0	0	0	0	0	0	0	0	0	0	0	0	0	0	0	0	0	0	0	0	0	0	0	0	0	0	0	0	0	0	0	0	0	0	0	0	0	0	0	0	0	0	0	0	0	0	0	0	0	0	0	0	0	0	0	0	0	0	0	0	144.228	0	0	0	0	0	0	0	0	0	0	0	0	0	0	0	0	0	0	0	0	0	0	0	0	0	0	0	0	87.9282	0	0	0	0	0	82.5018	0	0	0	0	0	0	0	0	0	0	0	0	0	0	0	0	0	0	0	0	0	0	0	0	0	0	0	0	0	0	0	0	0	0	119.905	52.6502	0	0	0	0	253.827	0	137.352	0	0	0	0	0	0	0	0	0	0	0	0	0	0	0	0	0	0	0	0	0	0	0	0	0	0	0	0	0	0	0	0	0	0	0	0	0	0	0	0	0	0	0	0	0	0	0	0	0	0	0	0	0	0	0	0	0	0	0	0	0	0	0	0	0	0	0	0	0	0	0	0	0	0	0	0	0	0	0	0	0	0	0	0	0	0	0	0	0	0	0	0	0	0	0	0	0	0	0	0	0	0	0	0	0	0	0	0	0	0	0	0	0	0	0	0	0	0	0	0	0	0	0	0	0	0	0	0	0	0	0	0	0	0	0	0	0	0	0	0	0	0	0	0	0	0	0	0	0	0	0	0	0	0	0	0	0	0	0	0	0	0	0	0	0	0	0	0	0	0	0	0	0	0	0	0	0	0	0	0	0	0	0	0	0	0	0	0	0	0	0	0	0	0	0	0	0	0	0	0	0	0	0	0	0	0	0	0	0	0	0	0	0	0	0	0	0	0	0	0	0	0	0	0	0	0	0	0	0	0	0	0	0	0	0	0	0	0	0	0	0	0	0	0	0	0	0	0	0	0	0	0	0	101.844	0	44.5963	0	0	0	0	0	0	0	0	0	0	0	0	0	0	0	0	0	0	0	0	0	0	0	0	0	0	0	0	0	0	0	0	0	0	0	0	0	0	0	0	0	0	0	0	0	0	0	0	0	0	0	0	0	0	0	0	0	0	134.982	0	90.1436	0	0	0	0	0	0	0	0	0	0	0	27.2168	0	0	0	0	0	0	0	0	0	0	0	0	0	0	0	0	0	0	0	0	0	0	0	0	101.844	0	44.5963	0	0	0	0	0	0	0	0	0	0	0	0	0	0	0	0	0	0	0	0	0	0	0	0	0	0	0	0	0	0	0	0	0	0	0	0	0	0	0	0	0	0	0	0	0	0	0	0	0	0	0	0	0	0	0	0	0	0	0	0	0	0
SIgar	0	0	0	0	0	0	0	0	0	0	0	0	0	0	0	0	0	0	0	0	0	0	0	0	0	0	0	0	0	0	0	0	0	0	0	0	0	0	0	0	0	0	0	0	0	0	0	0	0	0	0	0	0	0	0	0	0	0	0	0	0	0	0	0	0	0	0	0	0	0	0	0	0	0	0	0	0	0	0	0	0	0	0	0	0	0	0	0	0	0	0	0	0	0	0	0	0	0	0	0	0	0	0	0	0	0	0	0	0	0	0	0	0	0	0	0	0	0	0	0	0	0	0	0	0	0	0	0	0	0	0	0	0	0	0	0	0	0	0	0	0	0	0	0	0	0	0	0	0	0	0	0	0	0	0	0	0	0	0	0	0	0	0	0	0	0	0	0	0	0	0	0	0	0	0	0	0	0	0	0	0	0	0	0	0	0	0	0	0	0	0	0	0	0	0	0	0	0	0	0	0	0	0	0	0	0	0	0	0	0	0	0	0	0	0	0	0	0	0	0	0	0	0	0	0	0	0	0	0	0	0	0	0	0	0	0	0	0	0	0	0	0	0	0	0	0	0	0	0	0	0	0	0	0	0	0	0	0	0	0	0	0	0	0	0	0	0	0	0	0	0	0	0	0	0	0	0	0	0	0	0	0	0	0	0	0	0	0	0	0	0	0	0	0	61.0713	0	0	0	0	0	0	0	0	0	61.0713	0	0	0	0	0	0	0	0	0	0	0	0	0	0	0	0	0	0	0	0	0	0	0	0	0	0	0	0	0	0	0	0	0	0	0	0	0	0	0	0	0	0	0	0	0	0	0	0	0	0	0	0	0	0	0	0	0	0	0	0	0	0	0	0	0	0	0	0	0	0	0	0	0	0	0	0	0	0	0	0	0	0	0	0	0	0	0	0	0	0	0	0	0	0	0	0	0	0	0	0	0	0	0	0	0	0	0	0	0	0	0	0	0	0	0	0	0	0	0	0	0	0	0	0	0	0	0	0	0	0	0	0	0	0	0	0	0	0	0	0	0	0	0	0	0	0	0	0	0	0	0	0	0	0	0	0	0	0	0	0	0	0	0	0	0	0	0	0	0	0	0	0	0	0	0	0	0	0	0	0	0	0	0	0	0	0	0	0	0	0	0	0	0	0	0	0	0	0	0	0	0	0	0	0	0	0	0	0	0	0	0	0	0	0	0	0	0	0	0	0	0	0	0	0	0	0	0	0	0	0	0	0	0	0	0	0	0	0	0	0	0	0	0	0	0	0	0	0	0	0	0	0	0	0	0	0	0	0	0	0	0	0	0	0	0	0	0	0	0	0	0	0	0	0	0	0	0	0	0	0	0	0	0	0	0	0	0	0	0	0	0	0	0	0	0	0	0	0	0	0	0	0	0	0	0	0	0	0	0	0	0	0	0	0	0	0	0	0	0	0	0	0	0	0	0	0	0	0	0	0	0	0	0	0	0	0	0	0	0	0	0	0	0	0	0	0	0	0	0	0	0	0	0	0	0	0	0	0	0	0	0	0	0	0	0	0	0	0	0	0	0	0	0	0	0	0	0	0	0	0	0	0	0	0	0	0	0	0	0	0	0	0	0	0	0	0	0	0	0	0	0	0	0	0	0	0	0	0	0	0	0	0	0	0	0	0	0	0	0	0	0	0	0	0	0	0	0	0	0	0	0	0	0	0	0	0	0	0	0	0	0	0	0	0	0	0	0	0	0	0	0	0	0	0	0	0	0	0	0	0	0	0	0	0	0	0	0	0	0	0	0	0	0	0	0	0	0	0	0	0	0	0	0	0	0	0	0	0	0	0	0	0	0	0	0	0	0	0	0	0	0	0	0	0	0	0	0	0	0	0	0	0	0	0	0	0	0	0	0	0	0	0	0	0	0	0	0	0	0	0	0	0	0	0	0	0	0	0	0	0	0	0	0	0	0	0	0	0	0	0	0	0	0	0	0	0	0	0	0	0	0	0	0	0	0	0	0	0	0	0	0	0	0	0	0	0	0	0	0	0	0	0	0	0	0	0	0	0	0	0	0	0	0	0	0	0	0	0	0	0	0	0	0	0	0	0	0	0	0	0	0	0	0	0	0	0	0	0	0	0	0	0	0	0	0	0	0	0	0	0	0	0	0	0	0	0	0	0	0	0	0	0	0	0	0	0	0	0	0	0	0	0	0	0	0	0	0	0	0	0	0	0	0	0	0	0	0	0	0	0	0	0	0	0	0	0	0	0	0	0	0	0	0	0	0	0	0	0	0	0	0	0	0	0
SIgua	0	0	0	0	0	0	0	0	0	0	0	0	0	0	0	0	0	0	0	0	0	0	0	0	0	0	0	0	0	0	0	0	0	0	0	0	0	0	0	0	0	0	0	0	0	0	0	0	0	0	0	0	0	0	0	0	0	0	0	0	0	0	0	0	0	0	0	0	0	0	0	0	0	0	0	0	0	0	0	0	0	0	0	0	0	0	0	0	0	0	0	0	0	0	0	0	0	0	0	0	0	0	0	0	0	0	0	0	0	0	0	0	0	0	0	0	0	0	0	0	0	0	0	0	0	0	0	0	0	0	0	0	0	0	0	0	0	0	0	0	0	0	0	0	0	0	0	0	0	0	0	0	0	0	0	0	0	0	0	0	0	0	0	0	0	0	0	0	0	0	0	0	0	0	0	0	0	0	0	0	0	0	0	0	0	0	0	0	0	0	0	0	0	0	0	0	0	0	0	0	0	0	0	0	0	0	0	0	0	0	0	0	0	0	0	0	0	0	0	0	0	0	0	0	0	0	0	0	0	0	0	0	0	0	0	0	0	0	0	0	0	0	0	0	0	0	0	0	0	0	0	0	0	0	0	0	0	0	0	0	0	0	0	0	0	0	0	0	0	0	0	0	0	0	0	0	0	0	0	0	0	0	0	0	0	0	0	0	0	0	0	0	0	0	0	0	0	0	0	0	0	0	0	0	0	0	0	0	0	0	0	0	0	0	0	0	0	0	0	0	0	0	0	0	0	0	0	0	0	0	0	0	0	0	0	0	0	0	0	0	0	0	0	0	0	0	0	0	0	0	0	0	0	0	0	0	0	0	0	0	0	0	0	0	0	0	0	0	0	0	0	0	0	0	0	0	0	0	0	0	0	0	0	0	0	0	0	0	0	0	0	0	0	0	0	0	0	0	0	0	0	0	0	0	0	0	0	0	0	0	0	0	0	0	0	0	0	0	0	0	0	0	0	0	0	0	0	0	0	0	0	0	0	0	0	0	0	0	0	0	0	0	0	0	0	0	0	0	0	0	0	0	0	0	0	0	0	0	0	0	0	0	0	0	0	0	0	0	0	0	0	0	0	0	0	0	0	0	0	0	0	0	0	0	0	0	0	0	0	0	0	0	0	0	0	0	0	0	0	0	0	0	0	0	0	0	0	0	0	0	0	0	0	0	0	0	0	0	0	0	0	0	0	0	0	0	0	0	0	0	0	0	0	0	0	0	0	0	0	0	0	0	0	0	0	0	0	0	0	0	0	0	0	0	0	0	0	0	0	0	0	0	0	0	0	0	0	0	0	0	0	0	0	0	0	0	0	0	0	0	0	0	0	0	0	0	0	0	0	0	0	0	0	0	0	0	0	0	0	0	0	0	0	0	0	0	0	0	0	0	0	0	0	0	0	0	0	0	0	0	0	0	0	0	0	0	0	0	0	0	0	0	0	0	0	0	0	0	0	0	0	0	0	0	0	0	0	0	0	0	0	0	0	0	0	0	0	0	0	0	0	0	0	0	0	0	0	0	0	0	0	0	0	0	0	0	0	0	0	0	0	0	0	0	0	0	0	0	0	0	0	0	0	0	0	0	0	0	0	0	0	0	0	0	0	0	0	0	0	0	0	0	0	0	0	0	0	0	0	0	0	0	0	0	0	0	0	0	0	0	0	0	0	0	0	0	0	0	0	0	0	0	0	0	0	0	0	0	0	0	0	0	0	0	0	0	0	0	0	0	0	0	0	0	0	0	0	0	0	0	0	0	0	0	0	0	0	0	0	0	0	0	0	0	0	0	0	0	0	0	0	0	0	0	0	0	0	0	0	0	0	0	0	0	0	0	0	0	0	0	0	0	0	0	0	0	0	0	0	0	0	0	0	0	0	0	0	0	0	0	0	0	0	0	0	0	0	0	0	0	0	0	0	0	0	0	0	0	0	0	0	0	0	0	0	0	0	0	0	0	0	0	0	0	0	0	0	0	0	0	0	0	0	0	0	0	0	0	0	0	0	0	0	0	0	0	0	0	0	0	0	0	0	0	0	0	0	0	0	0	0	0	0	0	0	0	0	0	0	0	0	0	0	0	0	0	0	0	0	0	0	0	0	0	0	0	0	0	0	0	0	0	0	0	0	0	0	0	0	0	0	0	0	0	0	0	0	0	0	0	0	0	0	0	0	0	0	0	0	0	0	0	0	0	0	0	0	0	0	0	0	0	0	0	0	0	0	0	0	0	0	0	0	0	0	0	0	0	0	0	0	0	0	0	0	0	0	0	0
